dataset,target,feature,importance,importance_std,n,importance_ci95
hidden_rng,aea,c,0.11755732384994393,0.0013848331093387982,5,0.001719497415386566
hidden_rng,aea,h,0.11008651675741918,0.0016160532866053956,5,0.002006595185156793
hidden_rng,aea,atoms,0.07870802946854963,0.001099364391151074,5,0.001365041185399492
hidden_rng,aea,pas_rng_count,0.0643954258993004,0.005802340953793829,5,0.007204557867629102
hidden_rng,aea,paper_lalas_number_of_rings,0.063662511201731,0.001958813291877133,5,0.002432187943726842
hidden_rng,aea,pas_rng_middle_count,0.0633126326286512,0.005502400725940655,5,0.0068321328850907805
hidden_rng,aea,rng,0.06068131499809647,0.0038350309401280775,5,0.004761819850354578
hidden_rng,aea,pas_total_rings,0.05930343060331954,0.004698533111287068,5,0.005833999408653483
hidden_rng,aea,paper_lalas_upper_a_ratio,0.045308258708272854,0.0008703927410601747,5,0.0010807353308723122
hidden_rng,aea,paper_lalas_lower_to_upper_a_ratio,0.03790308576230335,0.0009306907750981836,5,0.0011556052288997731
hidden_rng,aea,pas_alternation_fraction,0.035559243659744014,0.00042255290407789174,5,0.0005246687283299677
hidden_rng,aea,paper_lalas_longest_upper_a,0.027697966258749172,0.0011421459200907143,5,0.001418161469671956
hidden_rng,aea,branch,0.02148550814952916,0.0006579848406244818,5,0.0008169960879672621
hidden_rng,aea,pas_topology_length,0.018338346248538688,0.0006392779427122108,5,0.000793768406311522
hidden_rng,aea,pas_total_a,0.013907489056000777,0.0007496908168437862,5,0.0009308640970589031
hidden_rng,aea,pas_longest_a_run,0.013425361405515118,0.0005751980573615802,5,0.0007142027196626191
hidden_rng,aea,paper_lalas_longest_a_case_insensitive,0.013289386755998852,0.00047427172402556505,5,0.0005888861250885764
hidden_rng,aea,rings,0.012561053891250349,0.001237180486674377,5,0.0015361624695837887
hidden_rng,aea,pas_a_fraction,0.012300648447318614,0.00024347409596328024,5,0.00030231301945281405
hidden_rng,aea,pas_longest_l_run,0.012069453025297201,0.0008379801787179984,5,0.0010404898191224967
hidden_rng,aea,paper_lalas_longest_l,0.01190307275640278,0.0004270231358136414,5,0.0005302192541398759
hidden_rng,aea,pas_total_annulations,0.011028277671392427,0.0006753518151791923,5,0.000838560035029567
hidden_rng,aea,paper_lalas_longest_l_degeneracy,0.0102114337641137,0.0005649670329641903,5,0.0007014992250036357
hidden_rng,aea,paper_lalas_lal_subsequence_count,0.010095212895933844,0.00036104666725749737,5,0.00044829864840508914
hidden_rng,aea,pas_alternation_count,0.009668998760544447,0.00027655283224408116,5,0.0003433856953987613
hidden_rng,aea,pas_l_to_a_ratio,0.009139187791131587,0.0001512040782718822,5,0.0001877446603717805
hidden_rng,aea,pas_l_fraction,0.008952371425410697,0.00025627763542422014,5,0.0003182107134510444
hidden_rng,aea,paper_lalas_l_ratio,0.008938570435261127,0.00013509668627284302,5,0.00016774469162161816
hidden_rng,aea,pas_total_l,0.008615977334485717,0.0005771668543186233,5,0.0007166473039639526
hidden_rng,aea,pas_branch_density,0.007256977256182524,0.000623289822765301,5,0.0007739165333744806
hidden_rng,aea,pas_al_count,0.005779718684797924,0.00016215168931148072,5,0.00020133791486598812
hidden_rng,aea,pas_la_count,0.004095586955302301,9.830061842566909e-05,5,0.00012205633890031912
hidden_rng,aea,pas_parenthesis_count,0.002872116360169554,0.00012913320300224265,5,0.0001603400491406232
hidden_rng,aea,paper_lalas_number_of_branching_points,0.002823952859575456,0.00015219881881751727,5,0.00018897979389484915
hidden_rng,aea,pas_rng_branch_count,0.002820569695165774,0.0001259993623059412,5,0.00015644887197191988
hidden_rng,aea,pas_branch_count,0.002788972484576769,0.00014904708204823908,5,0.00018506639581662135
hidden_rng,aea,pas_max_branch_depth,0.001456016094023958,0.00010497070709102308,5,0.00013033834786091618
hidden_rng,aea,14diborinine,0.0,0.0,5,0.0
hidden_rng,aea,aromatic_ring_fraction,0.0,0.0,5,0.0
hidden_rng,aea,aromatic_rings,0.0,0.0,5,0.0
hidden_rng,aea,b,0.0,0.0,5,0.0
hidden_rng,aea,benzene,0.0,0.0,5,0.0
hidden_rng,aea,borinine,0.0,0.0,5,0.0
hidden_rng,aea,borole,0.0,0.0,5,0.0
hidden_rng,aea,cyclobutadiene,0.0,0.0,5,0.0
hidden_rng,aea,dhdiborinine,0.0,0.0,5,0.0
hidden_rng,aea,furan,0.0,0.0,5,0.0
hidden_rng,aea,heteroatom_density,0.0,0.0,5,0.0
hidden_rng,aea,heteroatoms,0.0,0.0,5,0.0
hidden_rng,aea,heterocycle_fraction,0.0,0.0,5,0.0
hidden_rng,aea,heterocycles,0.0,0.0,5,0.0
hidden_rng,aea,n,0.0,0.0,5,0.0
hidden_rng,aea,o,0.0,0.0,5,0.0
hidden_rng,aea,pas_14diborinine_branch_count,0.0,0.0,5,0.0
hidden_rng,aea,pas_14diborinine_count,0.0,0.0,5,0.0
hidden_rng,aea,pas_14diborinine_fraction,0.0,0.0,5,0.0
hidden_rng,aea,pas_14diborinine_middle_count,0.0,0.0,5,0.0
hidden_rng,aea,pas_14diborinine_terminal_count,0.0,0.0,5,0.0
hidden_rng,aea,pas_acceptor_fraction,0.0,0.0,5,0.0
hidden_rng,aea,pas_acceptor_ring_count,0.0,0.0,5,0.0
hidden_rng,aea,pas_benzene_branch_count,0.0,0.0,5,0.0
hidden_rng,aea,pas_benzene_count,0.0,0.0,5,0.0
hidden_rng,aea,pas_benzene_fraction,0.0,0.0,5,0.0
hidden_rng,aea,pas_benzene_middle_count,0.0,0.0,5,0.0
hidden_rng,aea,pas_benzene_terminal_count,0.0,0.0,5,0.0
hidden_rng,aea,pas_borinine_branch_count,0.0,0.0,5,0.0
hidden_rng,aea,pas_borinine_count,0.0,0.0,5,0.0
hidden_rng,aea,pas_borinine_fraction,0.0,0.0,5,0.0
hidden_rng,aea,pas_borinine_middle_count,0.0,0.0,5,0.0
hidden_rng,aea,pas_borinine_terminal_count,0.0,0.0,5,0.0
hidden_rng,aea,pas_borole_branch_count,0.0,0.0,5,0.0
hidden_rng,aea,pas_borole_count,0.0,0.0,5,0.0
hidden_rng,aea,pas_borole_fraction,0.0,0.0,5,0.0
hidden_rng,aea,pas_borole_middle_count,0.0,0.0,5,0.0
hidden_rng,aea,pas_borole_terminal_count,0.0,0.0,5,0.0
hidden_rng,aea,pas_branch_acceptor_count,0.0,0.0,5,0.0
hidden_rng,aea,pas_branch_donor_count,0.0,0.0,5,0.0
hidden_rng,aea,pas_branch_heterocycle_count,0.0,0.0,5,0.0
hidden_rng,aea,pas_branch_non_benzene_count,0.0,0.0,5,0.0
hidden_rng,aea,pas_cyclobutadiene_branch_count,0.0,0.0,5,0.0
hidden_rng,aea,pas_cyclobutadiene_count,0.0,0.0,5,0.0
hidden_rng,aea,pas_cyclobutadiene_fraction,0.0,0.0,5,0.0
hidden_rng,aea,pas_cyclobutadiene_middle_count,0.0,0.0,5,0.0
hidden_rng,aea,pas_cyclobutadiene_terminal_count,0.0,0.0,5,0.0
hidden_rng,aea,pas_dhdiborinine_branch_count,0.0,0.0,5,0.0
hidden_rng,aea,pas_dhdiborinine_count,0.0,0.0,5,0.0
hidden_rng,aea,pas_dhdiborinine_fraction,0.0,0.0,5,0.0
hidden_rng,aea,pas_dhdiborinine_middle_count,0.0,0.0,5,0.0
hidden_rng,aea,pas_dhdiborinine_terminal_count,0.0,0.0,5,0.0
hidden_rng,aea,pas_donor_acceptor_balance,0.0,0.0,5,0.0
hidden_rng,aea,pas_donor_acceptor_ratio,0.0,0.0,5,0.0
hidden_rng,aea,pas_donor_fraction,0.0,0.0,5,0.0
hidden_rng,aea,pas_donor_ring_count,0.0,0.0,5,0.0
hidden_rng,aea,pas_furan_branch_count,0.0,0.0,5,0.0
hidden_rng,aea,pas_furan_count,0.0,0.0,5,0.0
hidden_rng,aea,pas_furan_fraction,0.0,0.0,5,0.0
hidden_rng,aea,pas_furan_middle_count,0.0,0.0,5,0.0
hidden_rng,aea,pas_furan_terminal_count,0.0,0.0,5,0.0
hidden_rng,aea,pas_middle_acceptor_count,0.0,0.0,5,0.0
hidden_rng,aea,pas_middle_donor_count,0.0,0.0,5,0.0
hidden_rng,aea,pas_middle_heterocycle_count,0.0,0.0,5,0.0
hidden_rng,aea,pas_middle_non_benzene_count,0.0,0.0,5,0.0
hidden_rng,aea,pas_pyrazine_branch_count,0.0,0.0,5,0.0
hidden_rng,aea,pas_pyrazine_count,0.0,0.0,5,0.0
hidden_rng,aea,pas_pyrazine_fraction,0.0,0.0,5,0.0
hidden_rng,aea,pas_pyrazine_middle_count,0.0,0.0,5,0.0
hidden_rng,aea,pas_pyrazine_terminal_count,0.0,0.0,5,0.0
hidden_rng,aea,pas_pyridine_branch_count,0.0,0.0,5,0.0
hidden_rng,aea,pas_pyridine_count,0.0,0.0,5,0.0
hidden_rng,aea,pas_pyridine_fraction,0.0,0.0,5,0.0
hidden_rng,aea,pas_pyridine_middle_count,0.0,0.0,5,0.0
hidden_rng,aea,pas_pyridine_terminal_count,0.0,0.0,5,0.0
hidden_rng,aea,pas_pyrrole_branch_count,0.0,0.0,5,0.0
hidden_rng,aea,pas_pyrrole_count,0.0,0.0,5,0.0
hidden_rng,aea,pas_pyrrole_fraction,0.0,0.0,5,0.0
hidden_rng,aea,pas_pyrrole_middle_count,0.0,0.0,5,0.0
hidden_rng,aea,pas_pyrrole_terminal_count,0.0,0.0,5,0.0
hidden_rng,aea,pas_rng_fraction,0.0,0.0,5,0.0
hidden_rng,aea,pas_rng_terminal_count,0.0,0.0,5,0.0
hidden_rng,aea,pas_terminal_acceptor_count,0.0,0.0,5,0.0
hidden_rng,aea,pas_terminal_donor_count,0.0,0.0,5,0.0
hidden_rng,aea,pas_terminal_heterocycle_count,0.0,0.0,5,0.0
hidden_rng,aea,pas_terminal_non_benzene_count,0.0,0.0,5,0.0
hidden_rng,aea,pas_thiophene_branch_count,0.0,0.0,5,0.0
hidden_rng,aea,pas_thiophene_count,0.0,0.0,5,0.0
hidden_rng,aea,pas_thiophene_fraction,0.0,0.0,5,0.0
hidden_rng,aea,pas_thiophene_middle_count,0.0,0.0,5,0.0
hidden_rng,aea,pas_thiophene_terminal_count,0.0,0.0,5,0.0
hidden_rng,aea,pyrazine,0.0,0.0,5,0.0
hidden_rng,aea,pyridine,0.0,0.0,5,0.0
hidden_rng,aea,pyrrole,0.0,0.0,5,0.0
hidden_rng,aea,s,0.0,0.0,5,0.0
hidden_rng,aea,thiophene,0.0,0.0,5,0.0
hidden_rng,aip,h,0.11629569014774233,0.0018661122733140366,5,0.0023170844263802263
hidden_rng,aip,c,0.11606292331685564,0.0008744727698703384,5,0.0010858013557575265
hidden_rng,aip,atoms,0.10887082194111053,0.001133421700974687,5,0.0014073289208831438
hidden_rng,aip,paper_lalas_upper_a_ratio,0.050946942335679125,0.0007612647510000735,5,0.0009452350344183461
hidden_rng,aip,pas_alternation_fraction,0.044150007247116166,0.0005200623409763148,5,0.0006457426856118616
hidden_rng,aip,pas_rng_middle_count,0.04175821173829151,0.0023268748604551056,5,0.0028891967425525174
hidden_rng,aip,paper_lalas_lower_to_upper_a_ratio,0.04167381710235044,0.0010924222125693944,5,0.0013564213321855191
hidden_rng,aip,rng,0.04009258219547572,0.0021538319743845446,5,0.0026743356207734256
hidden_rng,aip,pas_rng_count,0.03970310612872362,0.0031509298051960073,5,0.0039123960999790895
hidden_rng,aip,pas_total_rings,0.03800732719609793,0.0033655091314808046,5,0.004178831524185742
hidden_rng,aip,paper_lalas_number_of_rings,0.03740923588867225,0.0020549911830915206,5,0.002551608568670906
hidden_rng,aip,paper_lalas_longest_upper_a,0.02886516831296314,0.0009544381861971495,5,0.0011850915343119036
hidden_rng,aip,pas_topology_length,0.02295730051242158,0.0008123967355780281,5,0.0010087237788255024
hidden_rng,aip,branch,0.02155456667133397,0.0005833435068762829,5,0.0007243166310742118
hidden_rng,aip,rings,0.021544650975045647,0.0012031501298191475,5,0.0014939082006306234
hidden_rng,aip,pas_total_l,0.01658133834567598,0.0027537022066135195,5,0.003419172891726277
hidden_rng,aip,pas_branch_density,0.016058214923885896,0.0009320129104870336,5,0.0011572468768128593
hidden_rng,aip,paper_lalas_longest_l,0.01582836302537049,0.0014316437518453978,5,0.0017776205049197978
hidden_rng,aip,pas_longest_l_run,0.015762433991976823,0.0007117025664614508,5,0.0008836954542044068
hidden_rng,aip,paper_lalas_longest_a_case_insensitive,0.015467673429445897,0.000368489645490787,5,0.00045754032651677915
hidden_rng,aip,pas_longest_a_run,0.015280786306235788,0.00021120531666651246,5,0.0002622460379340345
hidden_rng,aip,pas_a_fraction,0.014597823437152052,0.0005524750676670728,5,0.000685988401427394
hidden_rng,aip,paper_lalas_lal_subsequence_count,0.014408533831274948,0.00033545525980246233,5,0.0004165227191048086
hidden_rng,aip,pas_total_annulations,0.013273324601812492,0.0007264412834278556,5,0.0009019959884413067
hidden_rng,aip,pas_alternation_count,0.01246689485550664,0.00017961724330155831,5,0.00022302426446415156
hidden_rng,aip,pas_total_a,0.011526738832474761,0.00032086308072208956,5,0.00039840413568536755
hidden_rng,aip,pas_l_to_a_ratio,0.011112316218804593,0.00047023550970540776,5,0.0005838745030782026
hidden_rng,aip,pas_l_fraction,0.011008019962904667,0.0003642774072568044,5,0.0004523101419497854
hidden_rng,aip,paper_lalas_l_ratio,0.010911722777264404,0.0006309919395847559,5,0.0007834799745391575
hidden_rng,aip,paper_lalas_longest_l_degeneracy,0.009675159753358295,0.00017569405832419522,5,0.00021815298691946599
hidden_rng,aip,pas_al_count,0.00753193022815348,0.0002904629128517117,5,0.00036065734170136855
hidden_rng,aip,pas_la_count,0.005010296621482441,0.00011864089905236983,5,0.00014731213306785497
hidden_rng,aip,pas_branch_count,0.0029274297925711568,6.554002789015892e-05,5,8.137869307248109e-05
hidden_rng,aip,paper_lalas_number_of_branching_points,0.002903934767716619,8.909077046002979e-05,5,0.00011062080225245461
hidden_rng,aip,pas_parenthesis_count,0.002889391671407991,0.00015431854681619846,5,0.0001916117838367961
hidden_rng,aip,pas_rng_branch_count,0.0028646452744954995,0.00016756038694679665,5,0.00020805369999692976
hidden_rng,aip,pas_max_branch_depth,0.0020206756411495505,0.00021730156276425472,5,0.00026981552723779126
hidden_rng,aip,14diborinine,0.0,0.0,5,0.0
hidden_rng,aip,aromatic_ring_fraction,0.0,0.0,5,0.0
hidden_rng,aip,aromatic_rings,0.0,0.0,5,0.0
hidden_rng,aip,b,0.0,0.0,5,0.0
hidden_rng,aip,benzene,0.0,0.0,5,0.0
hidden_rng,aip,borinine,0.0,0.0,5,0.0
hidden_rng,aip,borole,0.0,0.0,5,0.0
hidden_rng,aip,cyclobutadiene,0.0,0.0,5,0.0
hidden_rng,aip,dhdiborinine,0.0,0.0,5,0.0
hidden_rng,aip,furan,0.0,0.0,5,0.0
hidden_rng,aip,heteroatom_density,0.0,0.0,5,0.0
hidden_rng,aip,heteroatoms,0.0,0.0,5,0.0
hidden_rng,aip,heterocycle_fraction,0.0,0.0,5,0.0
hidden_rng,aip,heterocycles,0.0,0.0,5,0.0
hidden_rng,aip,n,0.0,0.0,5,0.0
hidden_rng,aip,o,0.0,0.0,5,0.0
hidden_rng,aip,pas_14diborinine_branch_count,0.0,0.0,5,0.0
hidden_rng,aip,pas_14diborinine_count,0.0,0.0,5,0.0
hidden_rng,aip,pas_14diborinine_fraction,0.0,0.0,5,0.0
hidden_rng,aip,pas_14diborinine_middle_count,0.0,0.0,5,0.0
hidden_rng,aip,pas_14diborinine_terminal_count,0.0,0.0,5,0.0
hidden_rng,aip,pas_acceptor_fraction,0.0,0.0,5,0.0
hidden_rng,aip,pas_acceptor_ring_count,0.0,0.0,5,0.0
hidden_rng,aip,pas_benzene_branch_count,0.0,0.0,5,0.0
hidden_rng,aip,pas_benzene_count,0.0,0.0,5,0.0
hidden_rng,aip,pas_benzene_fraction,0.0,0.0,5,0.0
hidden_rng,aip,pas_benzene_middle_count,0.0,0.0,5,0.0
hidden_rng,aip,pas_benzene_terminal_count,0.0,0.0,5,0.0
hidden_rng,aip,pas_borinine_branch_count,0.0,0.0,5,0.0
hidden_rng,aip,pas_borinine_count,0.0,0.0,5,0.0
hidden_rng,aip,pas_borinine_fraction,0.0,0.0,5,0.0
hidden_rng,aip,pas_borinine_middle_count,0.0,0.0,5,0.0
hidden_rng,aip,pas_borinine_terminal_count,0.0,0.0,5,0.0
hidden_rng,aip,pas_borole_branch_count,0.0,0.0,5,0.0
hidden_rng,aip,pas_borole_count,0.0,0.0,5,0.0
hidden_rng,aip,pas_borole_fraction,0.0,0.0,5,0.0
hidden_rng,aip,pas_borole_middle_count,0.0,0.0,5,0.0
hidden_rng,aip,pas_borole_terminal_count,0.0,0.0,5,0.0
hidden_rng,aip,pas_branch_acceptor_count,0.0,0.0,5,0.0
hidden_rng,aip,pas_branch_donor_count,0.0,0.0,5,0.0
hidden_rng,aip,pas_branch_heterocycle_count,0.0,0.0,5,0.0
hidden_rng,aip,pas_branch_non_benzene_count,0.0,0.0,5,0.0
hidden_rng,aip,pas_cyclobutadiene_branch_count,0.0,0.0,5,0.0
hidden_rng,aip,pas_cyclobutadiene_count,0.0,0.0,5,0.0
hidden_rng,aip,pas_cyclobutadiene_fraction,0.0,0.0,5,0.0
hidden_rng,aip,pas_cyclobutadiene_middle_count,0.0,0.0,5,0.0
hidden_rng,aip,pas_cyclobutadiene_terminal_count,0.0,0.0,5,0.0
hidden_rng,aip,pas_dhdiborinine_branch_count,0.0,0.0,5,0.0
hidden_rng,aip,pas_dhdiborinine_count,0.0,0.0,5,0.0
hidden_rng,aip,pas_dhdiborinine_fraction,0.0,0.0,5,0.0
hidden_rng,aip,pas_dhdiborinine_middle_count,0.0,0.0,5,0.0
hidden_rng,aip,pas_dhdiborinine_terminal_count,0.0,0.0,5,0.0
hidden_rng,aip,pas_donor_acceptor_balance,0.0,0.0,5,0.0
hidden_rng,aip,pas_donor_acceptor_ratio,0.0,0.0,5,0.0
hidden_rng,aip,pas_donor_fraction,0.0,0.0,5,0.0
hidden_rng,aip,pas_donor_ring_count,0.0,0.0,5,0.0
hidden_rng,aip,pas_furan_branch_count,0.0,0.0,5,0.0
hidden_rng,aip,pas_furan_count,0.0,0.0,5,0.0
hidden_rng,aip,pas_furan_fraction,0.0,0.0,5,0.0
hidden_rng,aip,pas_furan_middle_count,0.0,0.0,5,0.0
hidden_rng,aip,pas_furan_terminal_count,0.0,0.0,5,0.0
hidden_rng,aip,pas_middle_acceptor_count,0.0,0.0,5,0.0
hidden_rng,aip,pas_middle_donor_count,0.0,0.0,5,0.0
hidden_rng,aip,pas_middle_heterocycle_count,0.0,0.0,5,0.0
hidden_rng,aip,pas_middle_non_benzene_count,0.0,0.0,5,0.0
hidden_rng,aip,pas_pyrazine_branch_count,0.0,0.0,5,0.0
hidden_rng,aip,pas_pyrazine_count,0.0,0.0,5,0.0
hidden_rng,aip,pas_pyrazine_fraction,0.0,0.0,5,0.0
hidden_rng,aip,pas_pyrazine_middle_count,0.0,0.0,5,0.0
hidden_rng,aip,pas_pyrazine_terminal_count,0.0,0.0,5,0.0
hidden_rng,aip,pas_pyridine_branch_count,0.0,0.0,5,0.0
hidden_rng,aip,pas_pyridine_count,0.0,0.0,5,0.0
hidden_rng,aip,pas_pyridine_fraction,0.0,0.0,5,0.0
hidden_rng,aip,pas_pyridine_middle_count,0.0,0.0,5,0.0
hidden_rng,aip,pas_pyridine_terminal_count,0.0,0.0,5,0.0
hidden_rng,aip,pas_pyrrole_branch_count,0.0,0.0,5,0.0
hidden_rng,aip,pas_pyrrole_count,0.0,0.0,5,0.0
hidden_rng,aip,pas_pyrrole_fraction,0.0,0.0,5,0.0
hidden_rng,aip,pas_pyrrole_middle_count,0.0,0.0,5,0.0
hidden_rng,aip,pas_pyrrole_terminal_count,0.0,0.0,5,0.0
hidden_rng,aip,pas_rng_fraction,0.0,0.0,5,0.0
hidden_rng,aip,pas_rng_terminal_count,0.0,0.0,5,0.0
hidden_rng,aip,pas_terminal_acceptor_count,0.0,0.0,5,0.0
hidden_rng,aip,pas_terminal_donor_count,0.0,0.0,5,0.0
hidden_rng,aip,pas_terminal_heterocycle_count,0.0,0.0,5,0.0
hidden_rng,aip,pas_terminal_non_benzene_count,0.0,0.0,5,0.0
hidden_rng,aip,pas_thiophene_branch_count,0.0,0.0,5,0.0
hidden_rng,aip,pas_thiophene_count,0.0,0.0,5,0.0
hidden_rng,aip,pas_thiophene_fraction,0.0,0.0,5,0.0
hidden_rng,aip,pas_thiophene_middle_count,0.0,0.0,5,0.0
hidden_rng,aip,pas_thiophene_terminal_count,0.0,0.0,5,0.0
hidden_rng,aip,pyrazine,0.0,0.0,5,0.0
hidden_rng,aip,pyridine,0.0,0.0,5,0.0
hidden_rng,aip,pyrrole,0.0,0.0,5,0.0
hidden_rng,aip,s,0.0,0.0,5,0.0
hidden_rng,aip,thiophene,0.0,0.0,5,0.0
hidden_rng,energy,rings,0.7697071102840678,0.03980058286697972,5,0.049418950853454366
hidden_rng,energy,atoms,0.17760480390433583,0.04020574716076809,5,0.04992202877040904
hidden_rng,energy,h,0.01421631438995256,0.0003357788104263355,5,0.00041692446026606825
hidden_rng,energy,c,0.010027924670522851,0.00036742544834674905,5,0.0004562189512360359
hidden_rng,energy,paper_lalas_upper_a_ratio,0.0030847845161384147,0.00011535002165249406,5,0.00014322596907792682
hidden_rng,energy,paper_lalas_lower_to_upper_a_ratio,0.00279084474922007,0.00015251939915619626,5,0.00018937784695991882
hidden_rng,energy,pas_alternation_fraction,0.0024821728362570085,6.34208099765791e-05,5,7.874733648484052e-05
hidden_rng,energy,pas_branch_density,0.0017018040779006507,6.846545343928996e-05,5,8.501108865626258e-05
hidden_rng,energy,paper_lalas_longest_upper_a,0.001433594712356752,5.637974580409793e-05,5,7.000470059282827e-05
hidden_rng,energy,branch,0.0011141555287189453,3.534547696158762e-05,5,4.3887206242543993e-05
hidden_rng,energy,pas_a_fraction,0.0009874317335600625,2.1588161473811028e-05,5,2.680524288944072e-05
hidden_rng,energy,pas_total_a,0.0009187774865499866,6.18351339646227e-05,5,7.677845966797894e-05
hidden_rng,energy,pas_longest_a_run,0.0009013518112991941,2.809880575363898e-05,5,3.488927549681437e-05
hidden_rng,energy,paper_lalas_longest_a_case_insensitive,0.0008943354636876943,2.4682377808941116e-05,5,3.064721991542575e-05
hidden_rng,energy,paper_lalas_lal_subsequence_count,0.0008422600755785207,2.9390610253381382e-05,5,3.649326263686214e-05
hidden_rng,energy,pas_longest_l_run,0.0008338248045826203,4.465289095898235e-05,5,5.544388711948685e-05
hidden_rng,energy,paper_lalas_longest_l,0.0008287517061547724,4.0855907889278284e-05,5,5.072930994004608e-05
hidden_rng,energy,paper_lalas_longest_l_degeneracy,0.0007748976098902488,1.3769959015159384e-05,5,1.7097662365864802e-05
hidden_rng,energy,pas_rng_middle_count,0.0007451372129013887,2.765493592341444e-05,5,3.4338138308735743e-05
hidden_rng,energy,paper_lalas_number_of_rings,0.0007430499436706283,1.783758888797906e-05,5,2.2148291936963155e-05
hidden_rng,energy,pas_rng_count,0.0007403130578562974,1.989889158695495e-05,5,2.4707737287681773e-05
hidden_rng,energy,pas_total_rings,0.0007380885150715612,1.9101343217528602e-05,5,2.3717450190538958e-05
hidden_rng,energy,rng,0.0007364591479584218,2.4854593155904042e-05,5,3.086105351168778e-05
hidden_rng,energy,pas_l_to_a_ratio,0.0007321360632551903,1.5116642255061807e-05,5,1.8769790461836045e-05
hidden_rng,energy,paper_lalas_l_ratio,0.000729063958034621,2.1166136960557614e-05,5,2.6281230244974485e-05
hidden_rng,energy,pas_l_fraction,0.0007253086740564433,8.308946999572121e-06,5,1.0316920352351909e-05
hidden_rng,energy,pas_alternation_count,0.000701748469285885,2.0427287258231307e-05,5,2.536382716951234e-05
hidden_rng,energy,pas_total_l,0.00043624096646840434,6.307243683188814e-06,5,7.831477409313674e-06
hidden_rng,energy,pas_al_count,0.0003998414072639665,1.1541048351630413e-05,5,1.433010423974841e-05
hidden_rng,energy,pas_la_count,0.0003181365844240022,9.176586763958947e-06,5,1.139423741120103e-05
hidden_rng,energy,pas_total_annulations,0.0002790959447962752,1.5166406461401344e-05,5,1.883158088524703e-05
hidden_rng,energy,pas_topology_length,0.00020076584743543898,4.247395287783702e-05,5,5.273837814981349e-05
hidden_rng,energy,pas_parenthesis_count,0.00013742208321166507,4.43152232551276e-06,5,5.502461728825427e-06
hidden_rng,energy,pas_branch_count,0.0001368275722181583,6.328903684725786e-06,5,7.85837185342317e-06
hidden_rng,energy,paper_lalas_number_of_branching_points,0.00013484220430773388,6.673110677007082e-06,5,8.285761283668857e-06
hidden_rng,energy,pas_rng_branch_count,0.0001339742245330166,3.7998333367420185e-06,5,4.718116253407054e-06
hidden_rng,energy,pas_max_branch_depth,8.640776247689887e-05,3.5152650980077557e-06,5,4.364778116338465e-06
hidden_rng,energy,14diborinine,0.0,0.0,5,0.0
hidden_rng,energy,aromatic_ring_fraction,0.0,0.0,5,0.0
hidden_rng,energy,aromatic_rings,0.0,0.0,5,0.0
hidden_rng,energy,b,0.0,0.0,5,0.0
hidden_rng,energy,benzene,0.0,0.0,5,0.0
hidden_rng,energy,borinine,0.0,0.0,5,0.0
hidden_rng,energy,borole,0.0,0.0,5,0.0
hidden_rng,energy,cyclobutadiene,0.0,0.0,5,0.0
hidden_rng,energy,dhdiborinine,0.0,0.0,5,0.0
hidden_rng,energy,furan,0.0,0.0,5,0.0
hidden_rng,energy,heteroatom_density,0.0,0.0,5,0.0
hidden_rng,energy,heteroatoms,0.0,0.0,5,0.0
hidden_rng,energy,heterocycle_fraction,0.0,0.0,5,0.0
hidden_rng,energy,heterocycles,0.0,0.0,5,0.0
hidden_rng,energy,n,0.0,0.0,5,0.0
hidden_rng,energy,o,0.0,0.0,5,0.0
hidden_rng,energy,pas_14diborinine_branch_count,0.0,0.0,5,0.0
hidden_rng,energy,pas_14diborinine_count,0.0,0.0,5,0.0
hidden_rng,energy,pas_14diborinine_fraction,0.0,0.0,5,0.0
hidden_rng,energy,pas_14diborinine_middle_count,0.0,0.0,5,0.0
hidden_rng,energy,pas_14diborinine_terminal_count,0.0,0.0,5,0.0
hidden_rng,energy,pas_acceptor_fraction,0.0,0.0,5,0.0
hidden_rng,energy,pas_acceptor_ring_count,0.0,0.0,5,0.0
hidden_rng,energy,pas_benzene_branch_count,0.0,0.0,5,0.0
hidden_rng,energy,pas_benzene_count,0.0,0.0,5,0.0
hidden_rng,energy,pas_benzene_fraction,0.0,0.0,5,0.0
hidden_rng,energy,pas_benzene_middle_count,0.0,0.0,5,0.0
hidden_rng,energy,pas_benzene_terminal_count,0.0,0.0,5,0.0
hidden_rng,energy,pas_borinine_branch_count,0.0,0.0,5,0.0
hidden_rng,energy,pas_borinine_count,0.0,0.0,5,0.0
hidden_rng,energy,pas_borinine_fraction,0.0,0.0,5,0.0
hidden_rng,energy,pas_borinine_middle_count,0.0,0.0,5,0.0
hidden_rng,energy,pas_borinine_terminal_count,0.0,0.0,5,0.0
hidden_rng,energy,pas_borole_branch_count,0.0,0.0,5,0.0
hidden_rng,energy,pas_borole_count,0.0,0.0,5,0.0
hidden_rng,energy,pas_borole_fraction,0.0,0.0,5,0.0
hidden_rng,energy,pas_borole_middle_count,0.0,0.0,5,0.0
hidden_rng,energy,pas_borole_terminal_count,0.0,0.0,5,0.0
hidden_rng,energy,pas_branch_acceptor_count,0.0,0.0,5,0.0
hidden_rng,energy,pas_branch_donor_count,0.0,0.0,5,0.0
hidden_rng,energy,pas_branch_heterocycle_count,0.0,0.0,5,0.0
hidden_rng,energy,pas_branch_non_benzene_count,0.0,0.0,5,0.0
hidden_rng,energy,pas_cyclobutadiene_branch_count,0.0,0.0,5,0.0
hidden_rng,energy,pas_cyclobutadiene_count,0.0,0.0,5,0.0
hidden_rng,energy,pas_cyclobutadiene_fraction,0.0,0.0,5,0.0
hidden_rng,energy,pas_cyclobutadiene_middle_count,0.0,0.0,5,0.0
hidden_rng,energy,pas_cyclobutadiene_terminal_count,0.0,0.0,5,0.0
hidden_rng,energy,pas_dhdiborinine_branch_count,0.0,0.0,5,0.0
hidden_rng,energy,pas_dhdiborinine_count,0.0,0.0,5,0.0
hidden_rng,energy,pas_dhdiborinine_fraction,0.0,0.0,5,0.0
hidden_rng,energy,pas_dhdiborinine_middle_count,0.0,0.0,5,0.0
hidden_rng,energy,pas_dhdiborinine_terminal_count,0.0,0.0,5,0.0
hidden_rng,energy,pas_donor_acceptor_balance,0.0,0.0,5,0.0
hidden_rng,energy,pas_donor_acceptor_ratio,0.0,0.0,5,0.0
hidden_rng,energy,pas_donor_fraction,0.0,0.0,5,0.0
hidden_rng,energy,pas_donor_ring_count,0.0,0.0,5,0.0
hidden_rng,energy,pas_furan_branch_count,0.0,0.0,5,0.0
hidden_rng,energy,pas_furan_count,0.0,0.0,5,0.0
hidden_rng,energy,pas_furan_fraction,0.0,0.0,5,0.0
hidden_rng,energy,pas_furan_middle_count,0.0,0.0,5,0.0
hidden_rng,energy,pas_furan_terminal_count,0.0,0.0,5,0.0
hidden_rng,energy,pas_middle_acceptor_count,0.0,0.0,5,0.0
hidden_rng,energy,pas_middle_donor_count,0.0,0.0,5,0.0
hidden_rng,energy,pas_middle_heterocycle_count,0.0,0.0,5,0.0
hidden_rng,energy,pas_middle_non_benzene_count,0.0,0.0,5,0.0
hidden_rng,energy,pas_pyrazine_branch_count,0.0,0.0,5,0.0
hidden_rng,energy,pas_pyrazine_count,0.0,0.0,5,0.0
hidden_rng,energy,pas_pyrazine_fraction,0.0,0.0,5,0.0
hidden_rng,energy,pas_pyrazine_middle_count,0.0,0.0,5,0.0
hidden_rng,energy,pas_pyrazine_terminal_count,0.0,0.0,5,0.0
hidden_rng,energy,pas_pyridine_branch_count,0.0,0.0,5,0.0
hidden_rng,energy,pas_pyridine_count,0.0,0.0,5,0.0
hidden_rng,energy,pas_pyridine_fraction,0.0,0.0,5,0.0
hidden_rng,energy,pas_pyridine_middle_count,0.0,0.0,5,0.0
hidden_rng,energy,pas_pyridine_terminal_count,0.0,0.0,5,0.0
hidden_rng,energy,pas_pyrrole_branch_count,0.0,0.0,5,0.0
hidden_rng,energy,pas_pyrrole_count,0.0,0.0,5,0.0
hidden_rng,energy,pas_pyrrole_fraction,0.0,0.0,5,0.0
hidden_rng,energy,pas_pyrrole_middle_count,0.0,0.0,5,0.0
hidden_rng,energy,pas_pyrrole_terminal_count,0.0,0.0,5,0.0
hidden_rng,energy,pas_rng_fraction,0.0,0.0,5,0.0
hidden_rng,energy,pas_rng_terminal_count,0.0,0.0,5,0.0
hidden_rng,energy,pas_terminal_acceptor_count,0.0,0.0,5,0.0
hidden_rng,energy,pas_terminal_donor_count,0.0,0.0,5,0.0
hidden_rng,energy,pas_terminal_heterocycle_count,0.0,0.0,5,0.0
hidden_rng,energy,pas_terminal_non_benzene_count,0.0,0.0,5,0.0
hidden_rng,energy,pas_thiophene_branch_count,0.0,0.0,5,0.0
hidden_rng,energy,pas_thiophene_count,0.0,0.0,5,0.0
hidden_rng,energy,pas_thiophene_fraction,0.0,0.0,5,0.0
hidden_rng,energy,pas_thiophene_middle_count,0.0,0.0,5,0.0
hidden_rng,energy,pas_thiophene_terminal_count,0.0,0.0,5,0.0
hidden_rng,energy,pyrazine,0.0,0.0,5,0.0
hidden_rng,energy,pyridine,0.0,0.0,5,0.0
hidden_rng,energy,pyrrole,0.0,0.0,5,0.0
hidden_rng,energy,s,0.0,0.0,5,0.0
hidden_rng,energy,thiophene,0.0,0.0,5,0.0
hidden_rng,gap,c,0.16191285217758872,0.0011833145928018042,5,0.00146927912843115
hidden_rng,gap,atoms,0.0952344889440271,0.001172821740803955,5,0.0014562505318669403
hidden_rng,gap,h,0.07879312669686754,0.0008769079673318821,5,0.0010888250527740426
hidden_rng,gap,pas_rng_middle_count,0.05241381032795288,0.003507626139575861,5,0.004355293096669806
hidden_rng,gap,pas_rng_count,0.05153512318446599,0.0033024385558227862,5,0.004100519061045194
hidden_rng,gap,rng,0.05103714740212684,0.002142843796362582,5,0.002660691995717701
hidden_rng,gap,paper_lalas_number_of_rings,0.049304360548380353,0.004893769484804458,5,0.00607641738478989
hidden_rng,gap,pas_total_rings,0.04921544730072326,0.0030173136397660264,5,0.003746489717786643
hidden_rng,gap,paper_lalas_upper_a_ratio,0.04689812110334628,0.0008125825714936294,5,0.001008954524591478
hidden_rng,gap,paper_lalas_lower_to_upper_a_ratio,0.03936910714437922,0.0009464087281324072,5,0.001175121645307826
hidden_rng,gap,pas_alternation_fraction,0.03737107722758133,0.0009093775745531352,5,0.0011291413950964896
hidden_rng,gap,paper_lalas_longest_upper_a,0.028361837104787103,0.0004801518878792704,5,0.0005961873128492614
hidden_rng,gap,branch,0.023119748805690187,0.0008937507218686473,5,0.001109738094712927
hidden_rng,gap,pas_longest_l_run,0.019378079993995323,0.0004217396203733783,5,0.0005236589032337475
hidden_rng,gap,paper_lalas_longest_l,0.019002958450726505,0.0004876683459638141,5,0.0006055202282468471
hidden_rng,gap,pas_topology_length,0.018924320675798436,0.0010813361738219924,5,0.001342656196990178
hidden_rng,gap,pas_a_fraction,0.015142045864348927,0.00040450477601861935,5,0.0005022590174837978
hidden_rng,gap,pas_total_a,0.014737758402605064,0.00150970161259684,5,0.001874542140391666
hidden_rng,gap,paper_lalas_longest_a_case_insensitive,0.014246128064622105,0.0004157828097206476,5,0.0005162625459021351
hidden_rng,gap,pas_longest_a_run,0.014081512097607635,0.0004256906712907478,5,0.0005285647809129152
hidden_rng,gap,pas_l_to_a_ratio,0.010806010257091832,0.0008308401693388074,5,0.001031624326529518
hidden_rng,gap,rings,0.010734714517902852,0.0007747975749843595,5,0.0009620382547536624
hidden_rng,gap,pas_total_annulations,0.01066284982952278,0.00016718264807977584,5,0.00020758467524502772
hidden_rng,gap,pas_alternation_count,0.01061049753756874,0.00032483706966994355,5,0.00040333849469117755
hidden_rng,gap,paper_lalas_lal_subsequence_count,0.010582971063943547,0.000477836034412681,5,0.0005933118009746821
hidden_rng,gap,pas_l_fraction,0.010410896292621671,0.0003530194706418281,5,0.0004383315673609095
hidden_rng,gap,paper_lalas_l_ratio,0.010034404138774638,0.00012396883971374384,5,0.00015392764517164906
hidden_rng,gap,paper_lalas_longest_l_degeneracy,0.008510028034284394,0.0003449483898141705,5,0.00042830999687061436
hidden_rng,gap,pas_total_l,0.007474500745161962,0.0004173511429487312,5,0.0005182098888086333
hidden_rng,gap,pas_branch_density,0.006583368871003305,0.00036024995494943646,5,0.000447309399415244
hidden_rng,gap,pas_al_count,0.006248955680141456,0.00028990614650978535,5,0.000359966024979187
hidden_rng,gap,pas_la_count,0.004319448224233087,0.00020933099037518865,5,0.0002599187544572109
hidden_rng,gap,pas_rng_branch_count,0.0028408136906786204,0.00014275597691696589,5,0.00017725495706620445
hidden_rng,gap,pas_parenthesis_count,0.00283706662351955,3.935901000351297e-05,5,4.8870665726303956e-05
hidden_rng,gap,pas_branch_count,0.002827468298209339,3.4436445600518615e-05,5,4.2758494728266444e-05
hidden_rng,gap,paper_lalas_number_of_branching_points,0.0028206254297226873,0.0001064527042807502,5,0.0001321784904168395
hidden_rng,gap,pas_max_branch_depth,0.0016163292479987375,6.003367521635648e-05,5,7.454165319600755e-05
hidden_rng,gap,14diborinine,0.0,0.0,5,0.0
hidden_rng,gap,aromatic_ring_fraction,0.0,0.0,5,0.0
hidden_rng,gap,aromatic_rings,0.0,0.0,5,0.0
hidden_rng,gap,b,0.0,0.0,5,0.0
hidden_rng,gap,benzene,0.0,0.0,5,0.0
hidden_rng,gap,borinine,0.0,0.0,5,0.0
hidden_rng,gap,borole,0.0,0.0,5,0.0
hidden_rng,gap,cyclobutadiene,0.0,0.0,5,0.0
hidden_rng,gap,dhdiborinine,0.0,0.0,5,0.0
hidden_rng,gap,furan,0.0,0.0,5,0.0
hidden_rng,gap,heteroatom_density,0.0,0.0,5,0.0
hidden_rng,gap,heteroatoms,0.0,0.0,5,0.0
hidden_rng,gap,heterocycle_fraction,0.0,0.0,5,0.0
hidden_rng,gap,heterocycles,0.0,0.0,5,0.0
hidden_rng,gap,n,0.0,0.0,5,0.0
hidden_rng,gap,o,0.0,0.0,5,0.0
hidden_rng,gap,pas_14diborinine_branch_count,0.0,0.0,5,0.0
hidden_rng,gap,pas_14diborinine_count,0.0,0.0,5,0.0
hidden_rng,gap,pas_14diborinine_fraction,0.0,0.0,5,0.0
hidden_rng,gap,pas_14diborinine_middle_count,0.0,0.0,5,0.0
hidden_rng,gap,pas_14diborinine_terminal_count,0.0,0.0,5,0.0
hidden_rng,gap,pas_acceptor_fraction,0.0,0.0,5,0.0
hidden_rng,gap,pas_acceptor_ring_count,0.0,0.0,5,0.0
hidden_rng,gap,pas_benzene_branch_count,0.0,0.0,5,0.0
hidden_rng,gap,pas_benzene_count,0.0,0.0,5,0.0
hidden_rng,gap,pas_benzene_fraction,0.0,0.0,5,0.0
hidden_rng,gap,pas_benzene_middle_count,0.0,0.0,5,0.0
hidden_rng,gap,pas_benzene_terminal_count,0.0,0.0,5,0.0
hidden_rng,gap,pas_borinine_branch_count,0.0,0.0,5,0.0
hidden_rng,gap,pas_borinine_count,0.0,0.0,5,0.0
hidden_rng,gap,pas_borinine_fraction,0.0,0.0,5,0.0
hidden_rng,gap,pas_borinine_middle_count,0.0,0.0,5,0.0
hidden_rng,gap,pas_borinine_terminal_count,0.0,0.0,5,0.0
hidden_rng,gap,pas_borole_branch_count,0.0,0.0,5,0.0
hidden_rng,gap,pas_borole_count,0.0,0.0,5,0.0
hidden_rng,gap,pas_borole_fraction,0.0,0.0,5,0.0
hidden_rng,gap,pas_borole_middle_count,0.0,0.0,5,0.0
hidden_rng,gap,pas_borole_terminal_count,0.0,0.0,5,0.0
hidden_rng,gap,pas_branch_acceptor_count,0.0,0.0,5,0.0
hidden_rng,gap,pas_branch_donor_count,0.0,0.0,5,0.0
hidden_rng,gap,pas_branch_heterocycle_count,0.0,0.0,5,0.0
hidden_rng,gap,pas_branch_non_benzene_count,0.0,0.0,5,0.0
hidden_rng,gap,pas_cyclobutadiene_branch_count,0.0,0.0,5,0.0
hidden_rng,gap,pas_cyclobutadiene_count,0.0,0.0,5,0.0
hidden_rng,gap,pas_cyclobutadiene_fraction,0.0,0.0,5,0.0
hidden_rng,gap,pas_cyclobutadiene_middle_count,0.0,0.0,5,0.0
hidden_rng,gap,pas_cyclobutadiene_terminal_count,0.0,0.0,5,0.0
hidden_rng,gap,pas_dhdiborinine_branch_count,0.0,0.0,5,0.0
hidden_rng,gap,pas_dhdiborinine_count,0.0,0.0,5,0.0
hidden_rng,gap,pas_dhdiborinine_fraction,0.0,0.0,5,0.0
hidden_rng,gap,pas_dhdiborinine_middle_count,0.0,0.0,5,0.0
hidden_rng,gap,pas_dhdiborinine_terminal_count,0.0,0.0,5,0.0
hidden_rng,gap,pas_donor_acceptor_balance,0.0,0.0,5,0.0
hidden_rng,gap,pas_donor_acceptor_ratio,0.0,0.0,5,0.0
hidden_rng,gap,pas_donor_fraction,0.0,0.0,5,0.0
hidden_rng,gap,pas_donor_ring_count,0.0,0.0,5,0.0
hidden_rng,gap,pas_furan_branch_count,0.0,0.0,5,0.0
hidden_rng,gap,pas_furan_count,0.0,0.0,5,0.0
hidden_rng,gap,pas_furan_fraction,0.0,0.0,5,0.0
hidden_rng,gap,pas_furan_middle_count,0.0,0.0,5,0.0
hidden_rng,gap,pas_furan_terminal_count,0.0,0.0,5,0.0
hidden_rng,gap,pas_middle_acceptor_count,0.0,0.0,5,0.0
hidden_rng,gap,pas_middle_donor_count,0.0,0.0,5,0.0
hidden_rng,gap,pas_middle_heterocycle_count,0.0,0.0,5,0.0
hidden_rng,gap,pas_middle_non_benzene_count,0.0,0.0,5,0.0
hidden_rng,gap,pas_pyrazine_branch_count,0.0,0.0,5,0.0
hidden_rng,gap,pas_pyrazine_count,0.0,0.0,5,0.0
hidden_rng,gap,pas_pyrazine_fraction,0.0,0.0,5,0.0
hidden_rng,gap,pas_pyrazine_middle_count,0.0,0.0,5,0.0
hidden_rng,gap,pas_pyrazine_terminal_count,0.0,0.0,5,0.0
hidden_rng,gap,pas_pyridine_branch_count,0.0,0.0,5,0.0
hidden_rng,gap,pas_pyridine_count,0.0,0.0,5,0.0
hidden_rng,gap,pas_pyridine_fraction,0.0,0.0,5,0.0
hidden_rng,gap,pas_pyridine_middle_count,0.0,0.0,5,0.0
hidden_rng,gap,pas_pyridine_terminal_count,0.0,0.0,5,0.0
hidden_rng,gap,pas_pyrrole_branch_count,0.0,0.0,5,0.0
hidden_rng,gap,pas_pyrrole_count,0.0,0.0,5,0.0
hidden_rng,gap,pas_pyrrole_fraction,0.0,0.0,5,0.0
hidden_rng,gap,pas_pyrrole_middle_count,0.0,0.0,5,0.0
hidden_rng,gap,pas_pyrrole_terminal_count,0.0,0.0,5,0.0
hidden_rng,gap,pas_rng_fraction,0.0,0.0,5,0.0
hidden_rng,gap,pas_rng_terminal_count,0.0,0.0,5,0.0
hidden_rng,gap,pas_terminal_acceptor_count,0.0,0.0,5,0.0
hidden_rng,gap,pas_terminal_donor_count,0.0,0.0,5,0.0
hidden_rng,gap,pas_terminal_heterocycle_count,0.0,0.0,5,0.0
hidden_rng,gap,pas_terminal_non_benzene_count,0.0,0.0,5,0.0
hidden_rng,gap,pas_thiophene_branch_count,0.0,0.0,5,0.0
hidden_rng,gap,pas_thiophene_count,0.0,0.0,5,0.0
hidden_rng,gap,pas_thiophene_fraction,0.0,0.0,5,0.0
hidden_rng,gap,pas_thiophene_middle_count,0.0,0.0,5,0.0
hidden_rng,gap,pas_thiophene_terminal_count,0.0,0.0,5,0.0
hidden_rng,gap,pyrazine,0.0,0.0,5,0.0
hidden_rng,gap,pyridine,0.0,0.0,5,0.0
hidden_rng,gap,pyrrole,0.0,0.0,5,0.0
hidden_rng,gap,s,0.0,0.0,5,0.0
hidden_rng,gap,thiophene,0.0,0.0,5,0.0
hidden_rng,homo,h,0.14402739737721304,0.001312162967540542,5,0.0016292655165713083
hidden_rng,homo,c,0.12065906904554113,0.001825578950935218,5,0.0022667556592548604
hidden_rng,homo,atoms,0.11088010778697022,0.0018595654140401163,5,0.0023089554269184933
hidden_rng,homo,paper_lalas_upper_a_ratio,0.05594402108284705,0.0010651409867400785,5,0.0013225472162463909
hidden_rng,homo,pas_alternation_fraction,0.05199458157020165,0.00045098828738270947,5,0.0005599759200546842
hidden_rng,homo,paper_lalas_lower_to_upper_a_ratio,0.04713361475067228,0.0010105993710818645,5,0.0012548248556797197
hidden_rng,homo,paper_lalas_longest_upper_a,0.03122272984243995,0.0006469234195415609,5,0.0008032615196396271
hidden_rng,homo,pas_branch_density,0.028175053386038672,0.0006855540386990858,5,0.0008512277686758465
hidden_rng,homo,pas_topology_length,0.025822709115389204,0.0006377500551950518,5,0.0007918712833881608
hidden_rng,homo,branch,0.024475444244586402,0.0005609621357580246,5,0.0006965264883262329
hidden_rng,homo,pas_rng_middle_count,0.021827658208504377,0.0015087034344489724,5,0.0018733027385216651
hidden_rng,homo,pas_rng_count,0.02139026366721234,0.0016720776130069908,5,0.0020761585742732703
hidden_rng,homo,rng,0.021355843210880226,0.001302997472499865,5,0.0016178850513535845
hidden_rng,homo,paper_lalas_number_of_rings,0.021223931510200897,0.0008198092307003294,5,0.0010179276071557249
hidden_rng,homo,rings,0.021173446616292578,0.0013287599839372105,5,0.0016498734343086492
hidden_rng,homo,pas_total_rings,0.020355158906233423,0.0009285884733814004,5,0.0011529948765446815
hidden_rng,homo,pas_longest_a_run,0.01695891169641848,0.0003161310019293672,5,0.0003925284838117807
hidden_rng,homo,paper_lalas_longest_a_case_insensitive,0.01688975595436553,0.00027204343061790377,5,0.00033778653374609536
hidden_rng,homo,pas_a_fraction,0.016862821005143316,0.0004557562999681608,5,0.0005658961896250216
hidden_rng,homo,paper_lalas_lal_subsequence_count,0.016536845567558182,0.00034519948458490153,5,0.00042862177220756825
hidden_rng,homo,pas_longest_l_run,0.016160310978601454,0.0009167153936712749,5,0.001138252500920815
hidden_rng,homo,paper_lalas_longest_l,0.016144187656903,0.0009447759405845529,5,0.0011730942717929401
hidden_rng,homo,pas_total_a,0.015442294463204156,0.0006656115520518735,5,0.0008264659009713436
hidden_rng,homo,pas_total_annulations,0.0143444249022899,0.0003634762014404573,5,0.0004513153135324758
hidden_rng,homo,pas_alternation_count,0.013445845425655075,0.00022012637717299307,5,0.0002733229975907289
hidden_rng,homo,pas_l_fraction,0.01272258928169052,0.0005277555281844339,5,0.0006552950391996247
hidden_rng,homo,pas_l_to_a_ratio,0.01269163177654353,0.0002686357584875334,5,0.00033355534994413213
hidden_rng,homo,paper_lalas_longest_l_degeneracy,0.012567868886852466,0.0004718940471375832,5,0.0005859338492974083
hidden_rng,homo,paper_lalas_l_ratio,0.012477362512594539,0.00022903496797646984,5,0.00028438447406613514
hidden_rng,homo,pas_total_l,0.0112413404972698,0.0005094917986985866,5,0.0006326176238241156
hidden_rng,homo,pas_al_count,0.007934634207580931,0.0003270822987867997,5,0.0004061263148532967
hidden_rng,homo,pas_la_count,0.005673380140975488,0.00025891640549105825,5,0.000321487179242575
hidden_rng,homo,pas_rng_branch_count,0.0031465166928706227,9.251093965930246e-05,5,0.00011486750321495688
hidden_rng,homo,pas_parenthesis_count,0.003111077814899787,0.00015848186956411212,5,0.00019678123180578327
hidden_rng,homo,pas_branch_count,0.003064998946937729,0.0001400159839223624,5,0.0001738528064094748
hidden_rng,homo,paper_lalas_number_of_branching_points,0.0030236210660878242,8.592273253561453e-05,5,0.00010668716361676398
hidden_rng,homo,pas_max_branch_depth,0.0018985502043342769,6.07944289289231e-05,5,7.548625369240138e-05
hidden_rng,homo,14diborinine,0.0,0.0,5,0.0
hidden_rng,homo,aromatic_ring_fraction,0.0,0.0,5,0.0
hidden_rng,homo,aromatic_rings,0.0,0.0,5,0.0
hidden_rng,homo,b,0.0,0.0,5,0.0
hidden_rng,homo,benzene,0.0,0.0,5,0.0
hidden_rng,homo,borinine,0.0,0.0,5,0.0
hidden_rng,homo,borole,0.0,0.0,5,0.0
hidden_rng,homo,cyclobutadiene,0.0,0.0,5,0.0
hidden_rng,homo,dhdiborinine,0.0,0.0,5,0.0
hidden_rng,homo,furan,0.0,0.0,5,0.0
hidden_rng,homo,heteroatom_density,0.0,0.0,5,0.0
hidden_rng,homo,heteroatoms,0.0,0.0,5,0.0
hidden_rng,homo,heterocycle_fraction,0.0,0.0,5,0.0
hidden_rng,homo,heterocycles,0.0,0.0,5,0.0
hidden_rng,homo,n,0.0,0.0,5,0.0
hidden_rng,homo,o,0.0,0.0,5,0.0
hidden_rng,homo,pas_14diborinine_branch_count,0.0,0.0,5,0.0
hidden_rng,homo,pas_14diborinine_count,0.0,0.0,5,0.0
hidden_rng,homo,pas_14diborinine_fraction,0.0,0.0,5,0.0
hidden_rng,homo,pas_14diborinine_middle_count,0.0,0.0,5,0.0
hidden_rng,homo,pas_14diborinine_terminal_count,0.0,0.0,5,0.0
hidden_rng,homo,pas_acceptor_fraction,0.0,0.0,5,0.0
hidden_rng,homo,pas_acceptor_ring_count,0.0,0.0,5,0.0
hidden_rng,homo,pas_benzene_branch_count,0.0,0.0,5,0.0
hidden_rng,homo,pas_benzene_count,0.0,0.0,5,0.0
hidden_rng,homo,pas_benzene_fraction,0.0,0.0,5,0.0
hidden_rng,homo,pas_benzene_middle_count,0.0,0.0,5,0.0
hidden_rng,homo,pas_benzene_terminal_count,0.0,0.0,5,0.0
hidden_rng,homo,pas_borinine_branch_count,0.0,0.0,5,0.0
hidden_rng,homo,pas_borinine_count,0.0,0.0,5,0.0
hidden_rng,homo,pas_borinine_fraction,0.0,0.0,5,0.0
hidden_rng,homo,pas_borinine_middle_count,0.0,0.0,5,0.0
hidden_rng,homo,pas_borinine_terminal_count,0.0,0.0,5,0.0
hidden_rng,homo,pas_borole_branch_count,0.0,0.0,5,0.0
hidden_rng,homo,pas_borole_count,0.0,0.0,5,0.0
hidden_rng,homo,pas_borole_fraction,0.0,0.0,5,0.0
hidden_rng,homo,pas_borole_middle_count,0.0,0.0,5,0.0
hidden_rng,homo,pas_borole_terminal_count,0.0,0.0,5,0.0
hidden_rng,homo,pas_branch_acceptor_count,0.0,0.0,5,0.0
hidden_rng,homo,pas_branch_donor_count,0.0,0.0,5,0.0
hidden_rng,homo,pas_branch_heterocycle_count,0.0,0.0,5,0.0
hidden_rng,homo,pas_branch_non_benzene_count,0.0,0.0,5,0.0
hidden_rng,homo,pas_cyclobutadiene_branch_count,0.0,0.0,5,0.0
hidden_rng,homo,pas_cyclobutadiene_count,0.0,0.0,5,0.0
hidden_rng,homo,pas_cyclobutadiene_fraction,0.0,0.0,5,0.0
hidden_rng,homo,pas_cyclobutadiene_middle_count,0.0,0.0,5,0.0
hidden_rng,homo,pas_cyclobutadiene_terminal_count,0.0,0.0,5,0.0
hidden_rng,homo,pas_dhdiborinine_branch_count,0.0,0.0,5,0.0
hidden_rng,homo,pas_dhdiborinine_count,0.0,0.0,5,0.0
hidden_rng,homo,pas_dhdiborinine_fraction,0.0,0.0,5,0.0
hidden_rng,homo,pas_dhdiborinine_middle_count,0.0,0.0,5,0.0
hidden_rng,homo,pas_dhdiborinine_terminal_count,0.0,0.0,5,0.0
hidden_rng,homo,pas_donor_acceptor_balance,0.0,0.0,5,0.0
hidden_rng,homo,pas_donor_acceptor_ratio,0.0,0.0,5,0.0
hidden_rng,homo,pas_donor_fraction,0.0,0.0,5,0.0
hidden_rng,homo,pas_donor_ring_count,0.0,0.0,5,0.0
hidden_rng,homo,pas_furan_branch_count,0.0,0.0,5,0.0
hidden_rng,homo,pas_furan_count,0.0,0.0,5,0.0
hidden_rng,homo,pas_furan_fraction,0.0,0.0,5,0.0
hidden_rng,homo,pas_furan_middle_count,0.0,0.0,5,0.0
hidden_rng,homo,pas_furan_terminal_count,0.0,0.0,5,0.0
hidden_rng,homo,pas_middle_acceptor_count,0.0,0.0,5,0.0
hidden_rng,homo,pas_middle_donor_count,0.0,0.0,5,0.0
hidden_rng,homo,pas_middle_heterocycle_count,0.0,0.0,5,0.0
hidden_rng,homo,pas_middle_non_benzene_count,0.0,0.0,5,0.0
hidden_rng,homo,pas_pyrazine_branch_count,0.0,0.0,5,0.0
hidden_rng,homo,pas_pyrazine_count,0.0,0.0,5,0.0
hidden_rng,homo,pas_pyrazine_fraction,0.0,0.0,5,0.0
hidden_rng,homo,pas_pyrazine_middle_count,0.0,0.0,5,0.0
hidden_rng,homo,pas_pyrazine_terminal_count,0.0,0.0,5,0.0
hidden_rng,homo,pas_pyridine_branch_count,0.0,0.0,5,0.0
hidden_rng,homo,pas_pyridine_count,0.0,0.0,5,0.0
hidden_rng,homo,pas_pyridine_fraction,0.0,0.0,5,0.0
hidden_rng,homo,pas_pyridine_middle_count,0.0,0.0,5,0.0
hidden_rng,homo,pas_pyridine_terminal_count,0.0,0.0,5,0.0
hidden_rng,homo,pas_pyrrole_branch_count,0.0,0.0,5,0.0
hidden_rng,homo,pas_pyrrole_count,0.0,0.0,5,0.0
hidden_rng,homo,pas_pyrrole_fraction,0.0,0.0,5,0.0
hidden_rng,homo,pas_pyrrole_middle_count,0.0,0.0,5,0.0
hidden_rng,homo,pas_pyrrole_terminal_count,0.0,0.0,5,0.0
hidden_rng,homo,pas_rng_fraction,0.0,0.0,5,0.0
hidden_rng,homo,pas_rng_terminal_count,0.0,0.0,5,0.0
hidden_rng,homo,pas_terminal_acceptor_count,0.0,0.0,5,0.0
hidden_rng,homo,pas_terminal_donor_count,0.0,0.0,5,0.0
hidden_rng,homo,pas_terminal_heterocycle_count,0.0,0.0,5,0.0
hidden_rng,homo,pas_terminal_non_benzene_count,0.0,0.0,5,0.0
hidden_rng,homo,pas_thiophene_branch_count,0.0,0.0,5,0.0
hidden_rng,homo,pas_thiophene_count,0.0,0.0,5,0.0
hidden_rng,homo,pas_thiophene_fraction,0.0,0.0,5,0.0
hidden_rng,homo,pas_thiophene_middle_count,0.0,0.0,5,0.0
hidden_rng,homo,pas_thiophene_terminal_count,0.0,0.0,5,0.0
hidden_rng,homo,pyrazine,0.0,0.0,5,0.0
hidden_rng,homo,pyridine,0.0,0.0,5,0.0
hidden_rng,homo,pyrrole,0.0,0.0,5,0.0
hidden_rng,homo,s,0.0,0.0,5,0.0
hidden_rng,homo,thiophene,0.0,0.0,5,0.0
hidden_rng,lumo,c,0.16294054160207774,0.002029196432718394,5,0.0025195801557899413
hidden_rng,lumo,h,0.13452481407691394,0.0009159471951943364,5,0.0011372986565285255
hidden_rng,lumo,atoms,0.08754996752257223,0.0013906618752067515,5,0.0017267347841187625
hidden_rng,lumo,paper_lalas_upper_a_ratio,0.05284587817340179,0.0009129978680321475,5,0.001133636583172311
hidden_rng,lumo,paper_lalas_lower_to_upper_a_ratio,0.047632269960581466,0.0011551260475523093,5,0.0014342784266331145
hidden_rng,lumo,pas_alternation_fraction,0.04492961269258163,0.0006559970480229366,5,0.0008145279174580277
hidden_rng,lumo,pas_total_rings,0.03278458734832511,0.0023291026428405516,5,0.0028919628997363584
hidden_rng,lumo,rng,0.03257752448553784,0.0010613230628107513,5,0.0013178066375554647
hidden_rng,lumo,paper_lalas_number_of_rings,0.0325520399502751,0.0015920249191613005,5,0.0019767600263658485
hidden_rng,lumo,pas_rng_count,0.03252143531438732,0.004871731937785057,5,0.006049054156047177
hidden_rng,lumo,pas_rng_middle_count,0.03205795527054408,0.001177266475515759,5,0.0014617693989401538
hidden_rng,lumo,paper_lalas_longest_upper_a,0.030709993904536447,0.0009848320153661853,5,0.001222830457758651
hidden_rng,lumo,branch,0.023126232933173167,0.0006509778912204752,5,0.0008082958111550718
hidden_rng,lumo,pas_topology_length,0.02058964887193613,0.0010652552582339598,5,0.0013226891030463641
hidden_rng,lumo,paper_lalas_longest_a_case_insensitive,0.015456972672622632,0.0005274553079351581,5,0.0006549222665245672
hidden_rng,lumo,pas_longest_a_run,0.015385962565124431,0.00031925285527273714,5,0.0003964047767159152
hidden_rng,lumo,pas_a_fraction,0.014928051869109166,0.000295974137390822,5,0.0003675004307975989
hidden_rng,lumo,pas_longest_l_run,0.014895599392095612,0.0002512307985577972,5,0.00031194423780919956
hidden_rng,lumo,paper_lalas_longest_l,0.014651452794750015,0.00012817946159266654,5,0.00015915582276875646
hidden_rng,lumo,rings,0.014220446893493449,0.0009776997369974453,5,0.001213974564483019
hidden_rng,lumo,pas_total_a,0.013869112243723971,0.000880189651904231,5,0.0010928998023609889
hidden_rng,lumo,pas_branch_density,0.013612700505802175,0.0007186828218993237,5,0.0008923625860798796
hidden_rng,lumo,pas_total_annulations,0.012485440256293497,0.0003223047428234663,5,0.00040019419561422185
hidden_rng,lumo,paper_lalas_lal_subsequence_count,0.012478482981580075,0.0002883744881276231,5,0.0003580642199085091
hidden_rng,lumo,pas_alternation_count,0.011482522992573354,0.0004888510338035267,5,0.0006069887291585316
hidden_rng,lumo,pas_l_to_a_ratio,0.011300401920110028,0.00018446607735278934,5,0.00022904488713882968
hidden_rng,lumo,paper_lalas_longest_l_degeneracy,0.01127021846086321,0.00044860815550258636,5,0.0005570205959881584
hidden_rng,lumo,pas_l_fraction,0.011144561461855138,0.00028311344541769,5,0.0003515317725825728
hidden_rng,lumo,paper_lalas_l_ratio,0.010985298098535292,0.0003686643234851182,5,0.00045775721789361856
hidden_rng,lumo,pas_total_l,0.009271120060635848,0.000569768941136069,5,0.0007074615815033379
hidden_rng,lumo,pas_al_count,0.006754047263708126,0.00022582619721993834,5,0.0002804002589392609
hidden_rng,lumo,pas_la_count,0.004827329683334655,6.361203617086941e-05,5,7.898477516580432e-05
hidden_rng,lumo,pas_parenthesis_count,0.0030062984637382406,9.58757591390477e-05,5,0.00011904547842341126
hidden_rng,lumo,pas_rng_branch_count,0.002955841430508749,0.00013315672898843808,5,0.0001653359165035194
hidden_rng,lumo,pas_branch_count,0.002939358522374382,7.437192552146461e-05,5,9.234494239709449e-05
hidden_rng,lumo,paper_lalas_number_of_branching_points,0.002925411570533347,0.0001478872595949999,5,0.00018362628603212593
hidden_rng,lumo,pas_max_branch_depth,0.0018108657897906374,7.053888166033211e-05,5,8.75855898311903e-05
hidden_rng,lumo,14diborinine,0.0,0.0,5,0.0
hidden_rng,lumo,aromatic_ring_fraction,0.0,0.0,5,0.0
hidden_rng,lumo,aromatic_rings,0.0,0.0,5,0.0
hidden_rng,lumo,b,0.0,0.0,5,0.0
hidden_rng,lumo,benzene,0.0,0.0,5,0.0
hidden_rng,lumo,borinine,0.0,0.0,5,0.0
hidden_rng,lumo,borole,0.0,0.0,5,0.0
hidden_rng,lumo,cyclobutadiene,0.0,0.0,5,0.0
hidden_rng,lumo,dhdiborinine,0.0,0.0,5,0.0
hidden_rng,lumo,furan,0.0,0.0,5,0.0
hidden_rng,lumo,heteroatom_density,0.0,0.0,5,0.0
hidden_rng,lumo,heteroatoms,0.0,0.0,5,0.0
hidden_rng,lumo,heterocycle_fraction,0.0,0.0,5,0.0
hidden_rng,lumo,heterocycles,0.0,0.0,5,0.0
hidden_rng,lumo,n,0.0,0.0,5,0.0
hidden_rng,lumo,o,0.0,0.0,5,0.0
hidden_rng,lumo,pas_14diborinine_branch_count,0.0,0.0,5,0.0
hidden_rng,lumo,pas_14diborinine_count,0.0,0.0,5,0.0
hidden_rng,lumo,pas_14diborinine_fraction,0.0,0.0,5,0.0
hidden_rng,lumo,pas_14diborinine_middle_count,0.0,0.0,5,0.0
hidden_rng,lumo,pas_14diborinine_terminal_count,0.0,0.0,5,0.0
hidden_rng,lumo,pas_acceptor_fraction,0.0,0.0,5,0.0
hidden_rng,lumo,pas_acceptor_ring_count,0.0,0.0,5,0.0
hidden_rng,lumo,pas_benzene_branch_count,0.0,0.0,5,0.0
hidden_rng,lumo,pas_benzene_count,0.0,0.0,5,0.0
hidden_rng,lumo,pas_benzene_fraction,0.0,0.0,5,0.0
hidden_rng,lumo,pas_benzene_middle_count,0.0,0.0,5,0.0
hidden_rng,lumo,pas_benzene_terminal_count,0.0,0.0,5,0.0
hidden_rng,lumo,pas_borinine_branch_count,0.0,0.0,5,0.0
hidden_rng,lumo,pas_borinine_count,0.0,0.0,5,0.0
hidden_rng,lumo,pas_borinine_fraction,0.0,0.0,5,0.0
hidden_rng,lumo,pas_borinine_middle_count,0.0,0.0,5,0.0
hidden_rng,lumo,pas_borinine_terminal_count,0.0,0.0,5,0.0
hidden_rng,lumo,pas_borole_branch_count,0.0,0.0,5,0.0
hidden_rng,lumo,pas_borole_count,0.0,0.0,5,0.0
hidden_rng,lumo,pas_borole_fraction,0.0,0.0,5,0.0
hidden_rng,lumo,pas_borole_middle_count,0.0,0.0,5,0.0
hidden_rng,lumo,pas_borole_terminal_count,0.0,0.0,5,0.0
hidden_rng,lumo,pas_branch_acceptor_count,0.0,0.0,5,0.0
hidden_rng,lumo,pas_branch_donor_count,0.0,0.0,5,0.0
hidden_rng,lumo,pas_branch_heterocycle_count,0.0,0.0,5,0.0
hidden_rng,lumo,pas_branch_non_benzene_count,0.0,0.0,5,0.0
hidden_rng,lumo,pas_cyclobutadiene_branch_count,0.0,0.0,5,0.0
hidden_rng,lumo,pas_cyclobutadiene_count,0.0,0.0,5,0.0
hidden_rng,lumo,pas_cyclobutadiene_fraction,0.0,0.0,5,0.0
hidden_rng,lumo,pas_cyclobutadiene_middle_count,0.0,0.0,5,0.0
hidden_rng,lumo,pas_cyclobutadiene_terminal_count,0.0,0.0,5,0.0
hidden_rng,lumo,pas_dhdiborinine_branch_count,0.0,0.0,5,0.0
hidden_rng,lumo,pas_dhdiborinine_count,0.0,0.0,5,0.0
hidden_rng,lumo,pas_dhdiborinine_fraction,0.0,0.0,5,0.0
hidden_rng,lumo,pas_dhdiborinine_middle_count,0.0,0.0,5,0.0
hidden_rng,lumo,pas_dhdiborinine_terminal_count,0.0,0.0,5,0.0
hidden_rng,lumo,pas_donor_acceptor_balance,0.0,0.0,5,0.0
hidden_rng,lumo,pas_donor_acceptor_ratio,0.0,0.0,5,0.0
hidden_rng,lumo,pas_donor_fraction,0.0,0.0,5,0.0
hidden_rng,lumo,pas_donor_ring_count,0.0,0.0,5,0.0
hidden_rng,lumo,pas_furan_branch_count,0.0,0.0,5,0.0
hidden_rng,lumo,pas_furan_count,0.0,0.0,5,0.0
hidden_rng,lumo,pas_furan_fraction,0.0,0.0,5,0.0
hidden_rng,lumo,pas_furan_middle_count,0.0,0.0,5,0.0
hidden_rng,lumo,pas_furan_terminal_count,0.0,0.0,5,0.0
hidden_rng,lumo,pas_middle_acceptor_count,0.0,0.0,5,0.0
hidden_rng,lumo,pas_middle_donor_count,0.0,0.0,5,0.0
hidden_rng,lumo,pas_middle_heterocycle_count,0.0,0.0,5,0.0
hidden_rng,lumo,pas_middle_non_benzene_count,0.0,0.0,5,0.0
hidden_rng,lumo,pas_pyrazine_branch_count,0.0,0.0,5,0.0
hidden_rng,lumo,pas_pyrazine_count,0.0,0.0,5,0.0
hidden_rng,lumo,pas_pyrazine_fraction,0.0,0.0,5,0.0
hidden_rng,lumo,pas_pyrazine_middle_count,0.0,0.0,5,0.0
hidden_rng,lumo,pas_pyrazine_terminal_count,0.0,0.0,5,0.0
hidden_rng,lumo,pas_pyridine_branch_count,0.0,0.0,5,0.0
hidden_rng,lumo,pas_pyridine_count,0.0,0.0,5,0.0
hidden_rng,lumo,pas_pyridine_fraction,0.0,0.0,5,0.0
hidden_rng,lumo,pas_pyridine_middle_count,0.0,0.0,5,0.0
hidden_rng,lumo,pas_pyridine_terminal_count,0.0,0.0,5,0.0
hidden_rng,lumo,pas_pyrrole_branch_count,0.0,0.0,5,0.0
hidden_rng,lumo,pas_pyrrole_count,0.0,0.0,5,0.0
hidden_rng,lumo,pas_pyrrole_fraction,0.0,0.0,5,0.0
hidden_rng,lumo,pas_pyrrole_middle_count,0.0,0.0,5,0.0
hidden_rng,lumo,pas_pyrrole_terminal_count,0.0,0.0,5,0.0
hidden_rng,lumo,pas_rng_fraction,0.0,0.0,5,0.0
hidden_rng,lumo,pas_rng_terminal_count,0.0,0.0,5,0.0
hidden_rng,lumo,pas_terminal_acceptor_count,0.0,0.0,5,0.0
hidden_rng,lumo,pas_terminal_donor_count,0.0,0.0,5,0.0
hidden_rng,lumo,pas_terminal_heterocycle_count,0.0,0.0,5,0.0
hidden_rng,lumo,pas_terminal_non_benzene_count,0.0,0.0,5,0.0
hidden_rng,lumo,pas_thiophene_branch_count,0.0,0.0,5,0.0
hidden_rng,lumo,pas_thiophene_count,0.0,0.0,5,0.0
hidden_rng,lumo,pas_thiophene_fraction,0.0,0.0,5,0.0
hidden_rng,lumo,pas_thiophene_middle_count,0.0,0.0,5,0.0
hidden_rng,lumo,pas_thiophene_terminal_count,0.0,0.0,5,0.0
hidden_rng,lumo,pyrazine,0.0,0.0,5,0.0
hidden_rng,lumo,pyridine,0.0,0.0,5,0.0
hidden_rng,lumo,pyrrole,0.0,0.0,5,0.0
hidden_rng,lumo,s,0.0,0.0,5,0.0
hidden_rng,lumo,thiophene,0.0,0.0,5,0.0
with_ring_types,aea,dhdiborinine,0.23282217931698881,0.018782339066360627,5,0.023321354220756135
with_ring_types,aea,borole,0.14346252033121792,0.007909051936711053,5,0.009820385049737888
with_ring_types,aea,pyrrole,0.053783808900239496,0.0034931223184693633,5,0.00433728422416548
with_ring_types,aea,aromatic_ring_fraction,0.04705881632863509,0.014506236203960082,5,0.0180118712438973
with_ring_types,aea,paper_lalas_number_of_rings,0.03522182144182164,0.004512597790971414,5,0.0056031302154230505
with_ring_types,aea,pas_total_rings,0.03518116220812808,0.006839115009244694,5,0.008491882886554156
with_ring_types,aea,c,0.031265794957764506,0.005184399469504832,5,0.006437282173590856
with_ring_types,aea,n,0.02301230923423677,0.0026157555434117115,5,0.0032478894863562516
with_ring_types,aea,pas_pyrazine_fraction,0.022464899898712955,0.002293706645576198,5,0.0028480129642526916
with_ring_types,aea,atoms,0.01731680237189101,0.0010027024266792768,5,0.00124501950411921
with_ring_types,aea,pas_total_l,0.013829636354764191,0.0011545831746738,5,0.0014336043609242681
with_ring_types,aea,heteroatom_density,0.013446993624240297,0.0008015825796182973,5,0.0009952962306993439
with_ring_types,aea,paper_lalas_upper_a_ratio,0.013030782758359689,0.0004759071796493648,5,0.0005909168114573085
with_ring_types,aea,b,0.012122142526173125,0.00042589487875430474,5,0.0005288183379685784
with_ring_types,aea,pas_14diborinine_fraction,0.011448877437000796,0.0006622006341012939,5,0.000822230686951282
with_ring_types,aea,pyrazine,0.009808409147262245,0.002725928385806948,5,0.003384687138338194
with_ring_types,aea,pas_pyrazine_count,0.009317444054273587,0.0013641659740348583,5,0.0016938357775336576
with_ring_types,aea,pas_alternation_fraction,0.008645004092739635,0.00033373359491759306,5,0.0004143849898002948
with_ring_types,aea,heterocycle_fraction,0.007927172121238477,0.00041587237305634636,5,0.0005163737534716313
with_ring_types,aea,paper_lalas_longest_l,0.007853075057459143,0.0004211956906129629,5,0.0005229835252326882
with_ring_types,aea,pas_longest_l_run,0.007836765487749465,0.0004436581230131822,5,0.0005508743188561262
with_ring_types,aea,pas_donor_fraction,0.0077958719954004385,0.0010168581158941288,5,0.0012625961137870529
with_ring_types,aea,pas_topology_length,0.007586147450571279,0.00087271594158935,5,0.0010836199653299972
with_ring_types,aea,pas_cyclobutadiene_fraction,0.007091553742492343,0.0010416984018213596,5,0.001293439402527983
with_ring_types,aea,paper_lalas_lower_to_upper_a_ratio,0.007058577538375729,0.00026026338345436743,5,0.00032315967328598984
with_ring_types,aea,pas_cyclobutadiene_branch_count,0.006801339539432291,0.0010873212674729776,5,0.0013500876723024843
with_ring_types,aea,pas_dhdiborinine_count,0.006516747137777805,0.005474411781355335,5,0.0067973800202514685
with_ring_types,aea,pas_donor_acceptor_balance,0.006302751354237216,0.0004277153670157714,5,0.0005310787727019941
with_ring_types,aea,pas_middle_non_benzene_count,0.005743515004831343,0.0006384237782913517,5,0.0007927078211015946
with_ring_types,aea,h,0.005733459838660701,0.000397028154987731,5,0.0004929755663215308
with_ring_types,aea,pas_acceptor_fraction,0.005716989255619193,0.0003116383028964239,5,0.00038695006116781013
with_ring_types,aea,pas_total_annulations,0.005715613881222216,0.0005302114475722022,5,0.0006583444658859073
with_ring_types,aea,pas_pyridine_fraction,0.005450357657690817,0.0005250274725944507,5,0.0006519077107884441
with_ring_types,aea,pas_dhdiborinine_fraction,0.0052079440240372305,0.0034606680573494295,5,0.004296986936544555
with_ring_types,aea,pas_branch_density,0.005174657643443238,0.00032829508296415674,5,0.0004076321853039121
with_ring_types,aea,pas_benzene_fraction,0.005023252225137835,0.000368249403154525,5,0.0004572420262569982
with_ring_types,aea,paper_lalas_longest_upper_a,0.004967154877048837,0.00015833718844686823,5,0.00019660158647128164
with_ring_types,aea,pas_benzene_middle_count,0.004957992540498569,0.0004895329871641093,5,0.0006078354860948211
with_ring_types,aea,rings,0.004830540527194254,0.00041173958403659724,5,0.000511242218133637
with_ring_types,aea,pas_borole_fraction,0.004801199714303274,0.00015405395566832336,5,0.00019128325053423617
with_ring_types,aea,pas_branch_non_benzene_count,0.004387665907557365,0.0002505481361270021,5,0.00031109660044595496
with_ring_types,aea,pas_donor_acceptor_ratio,0.0041935340426391635,0.0003626456101401003,5,0.0004502839982176013
with_ring_types,aea,pas_a_fraction,0.004133181555969279,0.00019429179352582556,5,0.00024124512516745722
with_ring_types,aea,pas_middle_heterocycle_count,0.004037659167503471,0.000538123580012164,5,0.000668168675885628
with_ring_types,aea,pas_pyrazine_middle_count,0.0035180086824491696,0.0005624132246095918,5,0.0006983282531114187
with_ring_types,aea,pas_14diborinine_middle_count,0.0033008629959255047,0.00026619408771357976,5,0.00033052361524864754
with_ring_types,aea,pas_l_to_a_ratio,0.003267825775631153,0.00038729106908921547,5,0.00048088537731392643
with_ring_types,aea,pas_cyclobutadiene_middle_count,0.003193739947590836,0.0004077876551917678,5,0.0005063352503635493
with_ring_types,aea,pas_longest_a_run,0.0031340571312390756,0.0005675012878891187,5,0.0007046459181061899
with_ring_types,aea,pas_pyridine_middle_count,0.003048718475650116,0.00016685691403965956,5,0.00020718022301442586
with_ring_types,aea,paper_lalas_longest_a_case_insensitive,0.002982334583901121,0.0005105650089394481,5,0.0006339501903426969
with_ring_types,aea,paper_lalas_l_ratio,0.002961579653202867,0.00024163518561684633,5,0.0003000297106797227
with_ring_types,aea,pas_middle_acceptor_count,0.0029527563608356365,0.0002061618381862818,5,0.0002559837322794166
with_ring_types,aea,pas_cyclobutadiene_terminal_count,0.0029026650917047007,0.0001843082250552929,5,0.00022884888762399457
with_ring_types,aea,branch,0.002884120435050741,0.0002299404207704999,5,0.00028550874220255524
with_ring_types,aea,pas_benzene_branch_count,0.0028810589595725184,0.0004192117558973456,5,0.0005205201449215196
with_ring_types,aea,pas_l_fraction,0.002870593702179079,0.0002163626477648945,5,0.0002686497102857122
with_ring_types,aea,pas_furan_fraction,0.002819703387994255,0.0001469611027337993,5,0.00018247631040088373
with_ring_types,aea,pas_thiophene_fraction,0.0027002513312842404,0.00017514959027359336,5,0.00021747694054286145
with_ring_types,aea,pas_terminal_heterocycle_count,0.002576929075153227,0.00011880704810904022,5,0.0001475184343698581
with_ring_types,aea,pas_total_a,0.002343863116941994,0.00012650414581604594,5,0.0001570756434833039
with_ring_types,aea,cyclobutadiene,0.0021519694514103966,0.0002596859754946962,5,0.0003224427266101898
with_ring_types,aea,pas_cyclobutadiene_count,0.00209882082205423,0.00023994813593751813,5,0.0002979349618297196
with_ring_types,aea,heteroatoms,0.0020947020053155956,0.00014712830571071185,5,0.00018268392031770852
with_ring_types,aea,pas_alternation_count,0.002075412763213388,0.00014074884402630043,5,0.0001747627724162545
with_ring_types,aea,pas_acceptor_ring_count,0.002002285474636235,0.00023673354926749906,5,0.0002939435252924512
with_ring_types,aea,pas_branch_heterocycle_count,0.001922943206173625,0.0002338351064387212,5,0.00029034463318110585
with_ring_types,aea,pas_benzene_terminal_count,0.0018340884862260598,0.00010525645974343829,5,0.0001306931566418114
with_ring_types,aea,pas_terminal_non_benzene_count,0.0017919530212893039,0.0001427635417488014,5,0.0001772643500455471
with_ring_types,aea,benzene,0.0017536028809734636,9.665837245309112e-05,5,0.00012001722119997393
with_ring_types,aea,paper_lalas_longest_l_degeneracy,0.0017248121178286824,6.214893010310244e-05,5,7.716808903590459e-05
with_ring_types,aea,pas_borole_middle_count,0.001645945985517672,0.00013468071176204,5,0.0001672281910473836
with_ring_types,aea,aromatic_rings,0.0015998205641408532,8.68206037933237e-05,5,0.0001078020180324834
with_ring_types,aea,pas_borole_branch_count,0.0015781022394667009,0.0003689340373652006,5,0.00045809211190833276
with_ring_types,aea,paper_lalas_lal_subsequence_count,0.0015706377445469434,0.00018587120363648696,5,0.00023078958185822684
with_ring_types,aea,pas_terminal_donor_count,0.0015410038006402299,0.00023878153860187103,5,0.0002964864399176462
with_ring_types,aea,pyridine,0.0014940097879312289,9.694360975728074e-05,5,0.00012037139009153087
with_ring_types,aea,pas_pyridine_count,0.0014905798699883783,0.00011401746670097163,5,0.00014157138356899325
with_ring_types,aea,pas_branch_acceptor_count,0.001476599863946442,0.00017443370428565732,5,0.00021658805068482272
with_ring_types,aea,heterocycles,0.0014230087956095842,5.8917689278389294e-05,5,7.315597363433203e-05
with_ring_types,aea,pas_middle_donor_count,0.001355030689403441,5.137616597249186e-05,5,6.379193565378454e-05
with_ring_types,aea,pas_benzene_count,0.0013136612582349658,0.00011836689082667223,5,0.00014697190691879457
with_ring_types,aea,pas_terminal_acceptor_count,0.0012721876933748251,7.23259770199126e-05,5,8.980456180053842e-05
with_ring_types,aea,pas_al_count,0.0012671226487332014,9.907162128261651e-05,5,0.00012301366539030297
with_ring_types,aea,pas_thiophene_terminal_count,0.0012000419197433845,0.00014087735569009681,5,0.00017492234072253974
with_ring_types,aea,14diborinine,0.0011991562965625877,0.00020384875938741953,5,0.0002531116656098609
with_ring_types,aea,pas_14diborinine_count,0.0011750621114031564,5.113289607235952e-05,5,6.34898761769436e-05
with_ring_types,aea,pas_furan_middle_count,0.0011662157870476963,4.6613065795340546e-05,5,5.787776564397778e-05
with_ring_types,aea,pas_furan_branch_count,0.001130041571473036,0.00027344337784878373,5,0.000339524797822064
with_ring_types,aea,pas_borole_terminal_count,0.0010717647134125753,0.00019395983669736192,5,0.00024083294632459604
with_ring_types,aea,pas_furan_terminal_count,0.0010693002297919338,7.602178186292115e-05,5,9.439350961848926e-05
with_ring_types,aea,pas_14diborinine_branch_count,0.0010605147915304508,0.00018196162406312102,5,0.00022593519765386552
with_ring_types,aea,pas_14diborinine_terminal_count,0.0010283926676514996,5.742484300974867e-05,5,7.130236016770815e-05
with_ring_types,aea,pas_pyridine_branch_count,0.00098668812763792,0.0002534521588239714,5,0.00031470242087874834
with_ring_types,aea,pas_thiophene_middle_count,0.0009411213830174025,3.5619657779532766e-05,5,4.4227646693184546e-05
with_ring_types,aea,pas_la_count,0.0008206902516733186,3.085325587871346e-05,5,3.830937705196722e-05
with_ring_types,aea,pas_borole_count,0.000817589345684052,4.7245994489212205e-05,5,5.866365041658834e-05
with_ring_types,aea,pas_branch_donor_count,0.000792430373673295,3.7699588142497126e-05,5,4.6810221343648286e-05
with_ring_types,aea,pas_pyridine_terminal_count,0.0007896760489555772,5.977022711363156e-05,5,7.421453917145894e-05
with_ring_types,aea,borinine,0.0007881697243239961,4.771602014497655e-05,5,5.924726435158304e-05
with_ring_types,aea,pas_donor_ring_count,0.000770627108018949,1.5761748057360434e-05,5,1.9570795111582607e-05
with_ring_types,aea,pas_branch_count,0.0006781348509533438,8.456724562412941e-05,5,0.00010500410431873651
with_ring_types,aea,pas_pyrazine_branch_count,0.000662013304576111,0.00015446890279297352,5,0.00019179847544007245
with_ring_types,aea,pas_parenthesis_count,0.0006540630086518996,0.00011285789433028621,5,0.00014013158430300137
with_ring_types,aea,paper_lalas_number_of_branching_points,0.0006530051996739471,5.862685917404012e-05,5,7.279486036416782e-05
with_ring_types,aea,pas_dhdiborinine_branch_count,0.0006437498175894665,0.00010198381179448465,5,0.00012662962750480025
with_ring_types,aea,pas_thiophene_branch_count,0.0005661406880870719,0.00011796295857615547,5,0.0001464703587856145
with_ring_types,aea,o,0.0005583529508358851,6.636543224043525e-05,5,8.240356793817998e-05
with_ring_types,aea,furan,0.0005083207076092595,7.102302025023164e-05,5,8.81867272884097e-05
with_ring_types,aea,pas_pyrazine_terminal_count,0.0005061218087637121,4.552551954231468e-05,5,5.652739861521415e-05
with_ring_types,aea,pas_furan_count,0.000488917574685223,5.057185379337289e-05,5,6.27932501776557e-05
with_ring_types,aea,pas_thiophene_count,0.0004837702404716075,3.3823429049500454e-05,5,4.1997334146564155e-05
with_ring_types,aea,thiophene,0.00047616955811737016,5.069563591459761e-05,5,6.294694598120173e-05
with_ring_types,aea,s,0.00047318123987227095,4.369133201788542e-05,5,5.424995400017585e-05
with_ring_types,aea,pas_dhdiborinine_terminal_count,0.00035780385649607905,4.0920813390508737e-05,5,5.08099007642093e-05
with_ring_types,aea,pas_max_branch_depth,0.0003094312233914551,1.8434054528467306e-05,5,2.2888901848922962e-05
with_ring_types,aea,pas_dhdiborinine_middle_count,0.0002718473691220212,1.7321406131471907e-05,5,2.1507366391714642e-05
with_ring_types,aea,pas_borinine_branch_count,0.0,0.0,5,0.0
with_ring_types,aea,pas_borinine_count,0.0,0.0,5,0.0
with_ring_types,aea,pas_borinine_fraction,0.0,0.0,5,0.0
with_ring_types,aea,pas_borinine_middle_count,0.0,0.0,5,0.0
with_ring_types,aea,pas_borinine_terminal_count,0.0,0.0,5,0.0
with_ring_types,aea,pas_pyrrole_branch_count,0.0,0.0,5,0.0
with_ring_types,aea,pas_pyrrole_count,0.0,0.0,5,0.0
with_ring_types,aea,pas_pyrrole_fraction,0.0,0.0,5,0.0
with_ring_types,aea,pas_pyrrole_middle_count,0.0,0.0,5,0.0
with_ring_types,aea,pas_pyrrole_terminal_count,0.0,0.0,5,0.0
with_ring_types,aip,14diborinine,0.4468118495657423,0.005824900810894605,5,0.007232569629995756
with_ring_types,aip,pyrrole,0.059652164014558376,0.0017267227890375625,5,0.0021440095220259386
with_ring_types,aip,rings,0.055721196715273556,0.0033857172684053976,5,0.00420392324027578
with_ring_types,aip,pas_borole_fraction,0.03878896240001249,0.0034494338947737816,5,0.004283037881324404
with_ring_types,aip,pas_cyclobutadiene_fraction,0.03691713772391033,0.002008588863532348,5,0.002493992479041135
with_ring_types,aip,aromatic_rings,0.025506361132523858,0.002248249500994361,5,0.002791570464364281
with_ring_types,aip,heteroatom_density,0.018892398477455306,0.0006632396999951019,5,0.0008235208576633848
with_ring_types,aip,c,0.014068965389053539,0.0009419243122256157,5,0.001169553507523391
with_ring_types,aip,paper_lalas_upper_a_ratio,0.010654488494210282,0.0004928412661166315,5,0.0006119432569661831
with_ring_types,aip,pas_borole_middle_count,0.010211255973806213,0.002263903397739304,5,0.002811007344384076
with_ring_types,aip,atoms,0.00920077845818687,0.0005630501757438893,5,0.000699119132403491
with_ring_types,aip,pas_alternation_fraction,0.008954014120297503,0.0001319917130032097,5,0.00016388935809732945
with_ring_types,aip,pas_acceptor_fraction,0.008328069610806236,0.00044239367387366576,5,0.0005493042978820291
with_ring_types,aip,pas_borole_count,0.007955646920964963,0.0008447665857811186,5,0.0010489162564499288
with_ring_types,aip,borinine,0.007683290838373627,0.0015399015967421164,5,0.0019120403734511806
with_ring_types,aip,aromatic_ring_fraction,0.007098832038051282,0.0002568210568057161,5,0.0003188854602163021
with_ring_types,aip,pas_topology_length,0.006887832968734663,0.0009235662356762464,5,0.0011467589447957702
with_ring_types,aip,heterocycle_fraction,0.006534972913351503,0.0006475099028027476,5,0.0008039897347905917
with_ring_types,aip,pas_longest_l_run,0.006500667685415654,0.00032396698911787053,5,0.00040225814699413123
with_ring_types,aip,paper_lalas_longest_l,0.006492480621403504,0.00016084617235859173,5,0.00019971690146654115
with_ring_types,aip,paper_lalas_lower_to_upper_a_ratio,0.006345200941371906,0.00010365501033835335,5,0.00012870469457057257
with_ring_types,aip,pas_cyclobutadiene_branch_count,0.006180922518983571,0.0013056145109579039,5,0.0016211345337888462
with_ring_types,aip,pas_benzene_middle_count,0.006090159202270786,0.0003174498519778511,5,0.00039416605243601245
with_ring_types,aip,pas_branch_density,0.005866655363800873,0.00034773537908752526,5,0.000431770501114719
with_ring_types,aip,pas_middle_non_benzene_count,0.005653730565705721,6.601667713654467e-05,5,8.197053128148924e-05
with_ring_types,aip,pas_benzene_fraction,0.005585102795801733,0.00019724639256424464,5,0.00024491374442258963
with_ring_types,aip,pas_thiophene_fraction,0.005346767429412295,0.00016082092679008076,5,0.0001996855549530069
with_ring_types,aip,h,0.004815452599969271,0.00018039242415630923,5,0.0002239867786235926
with_ring_types,aip,pas_dhdiborinine_fraction,0.004643282636497516,0.00042006994031880884,5,0.0005215857216214697
with_ring_types,aip,pas_pyrazine_fraction,0.004555519714460303,0.00043254518875692063,5,0.0005370757884757209
with_ring_types,aip,pas_total_l,0.004484737519114463,0.00014767439143228598,5,0.00018336197529812025
with_ring_types,aip,n,0.0043794550591229765,0.0002667835926481388,5,0.00033125558230265306
with_ring_types,aip,pas_middle_heterocycle_count,0.004349086711017965,0.000232342791754718,5,0.0002884916797639882
with_ring_types,aip,cyclobutadiene,0.004186449293028399,0.0011875086207673506,5,0.001474486701963429
with_ring_types,aip,pas_cyclobutadiene_count,0.004137305044646898,0.0008955551037752118,5,0.0011119785307653184
with_ring_types,aip,paper_lalas_longest_upper_a,0.003924255698063027,0.00028958455289257716,5,0.0003595667137626475
with_ring_types,aip,pas_a_fraction,0.003909173573552208,0.00012903696098211646,5,0.00016022054888911814
with_ring_types,aip,pas_donor_fraction,0.0038631113344877754,7.131849642286954e-05,5,8.855360941430121e-05
with_ring_types,aip,pas_total_annulations,0.003743311561056812,0.00036573038640493093,5,0.000454114253848155
with_ring_types,aip,pas_donor_acceptor_balance,0.0035261588673200736,0.0001391547651787116,5,0.0001727834621009053
with_ring_types,aip,b,0.00350131455230305,0.0002013592270032667,5,0.00025002050287609596
with_ring_types,aip,pas_cyclobutadiene_terminal_count,0.003429514902191218,0.00028716373733815234,5,0.00035656087424242646
with_ring_types,aip,pas_branch_non_benzene_count,0.00335490840101599,0.0002687452361214358,5,0.0003336912843807573
with_ring_types,aip,pas_pyridine_fraction,0.003027620235778021,0.00010306166907176276,5,0.0001279679640811984
with_ring_types,aip,branch,0.002989495542138069,0.00021405443339396767,5,0.0002657836836011957
with_ring_types,aip,pas_donor_acceptor_ratio,0.0028828187373174247,6.008474911012423e-05,5,7.460506981114705e-05
with_ring_types,aip,borole,0.0028367276518519737,0.00017199013462921374,5,0.0002135539582153136
with_ring_types,aip,paper_lalas_l_ratio,0.0028238714138013993,0.00010629248007428625,5,0.00013197954578803245
with_ring_types,aip,pas_l_fraction,0.0028003427584324544,0.00013009828173713594,5,0.00016153835266117226
with_ring_types,aip,pas_l_to_a_ratio,0.0027117221190123024,6.240876253404634e-05,5,7.74907136109734e-05
with_ring_types,aip,pas_cyclobutadiene_middle_count,0.002687287815538628,0.00022037679649266587,5,0.00027363393424442126
with_ring_types,aip,pas_furan_fraction,0.002630221864475704,9.669897585527265e-05,5,0.00012006763698266731
with_ring_types,aip,pas_terminal_heterocycle_count,0.002500682092387181,8.992959429263778e-05,5,0.00011166233960623924
with_ring_types,aip,heteroatoms,0.002458401888550304,0.00020094376711310134,5,0.00024950464128777993
with_ring_types,aip,pas_total_a,0.0024097357880041577,8.376138287999942e-05,5,0.0001040034935618566
with_ring_types,aip,pas_middle_acceptor_count,0.002387606452424604,0.00012150858376735114,5,0.0001508728339366465
with_ring_types,aip,pas_benzene_branch_count,0.0023170132780535057,0.0001965805631845518,5,0.00024408700805287874
with_ring_types,aip,pas_alternation_count,0.002147923097477055,0.00013713600654196458,5,0.00017027684218059362
with_ring_types,aip,pas_longest_a_run,0.0020616430732255863,9.336945657309481e-05,5,0.00011593349275866184
with_ring_types,aip,paper_lalas_longest_a_case_insensitive,0.002030916068125746,0.0001823205881943995,5,0.0002263809104923205
with_ring_types,aip,pas_terminal_donor_count,0.002025687548269994,0.00015934121530842494,5,0.00019784825047850613
with_ring_types,aip,pas_branch_heterocycle_count,0.0018787481167055365,0.000158584771019399,5,0.00019690900083817577
with_ring_types,aip,paper_lalas_lal_subsequence_count,0.0018682662455855974,5.554944000798759e-05,5,6.897373977829813e-05
with_ring_types,aip,pas_thiophene_terminal_count,0.0017958109141675016,0.00014161984903018248,5,0.00017584426797183017
with_ring_types,aip,pas_benzene_terminal_count,0.0017372604363759116,9.361048337625593e-05,5,0.00011623276706274914
with_ring_types,aip,pas_terminal_non_benzene_count,0.0017240689408160766,9.778972121834155e-05,5,0.00012142197623119768
with_ring_types,aip,pas_furan_middle_count,0.0017104705525776663,5.984818998614924e-05,5,7.431134286346069e-05
with_ring_types,aip,benzene,0.0017025051790629394,0.00019085719408144957,5,0.00023698050668912493
with_ring_types,aip,pas_thiophene_middle_count,0.0016250634483582975,0.0001246344909904863,5,0.0001547541603973385
with_ring_types,aip,pas_middle_donor_count,0.001559809629287349,0.00012329359830611455,5,0.00015308922222569932
with_ring_types,aip,pas_14diborinine_fraction,0.001532218649514906,0.0001693962709105354,5,0.00021033325101958375
with_ring_types,aip,paper_lalas_longest_l_degeneracy,0.0015276527491397938,0.00010556271228675676,5,0.00013107341939920826
with_ring_types,aip,heterocycles,0.0015206433109881557,9.902799189025114e-05,5,0.0001229594923445394
with_ring_types,aip,pas_pyridine_middle_count,0.0014983754959971426,0.00017496137380651177,5,0.00021724323893181714
with_ring_types,aip,pas_al_count,0.00141518157565726,7.949708528754443e-05,5,9.870866876367823e-05
with_ring_types,aip,pas_terminal_acceptor_count,0.0013640934222703914,9.765962826966223e-05,5,0.00012126044450040237
with_ring_types,aip,pas_branch_donor_count,0.0012564229421980345,0.00018702637317571024,5,0.00023222391428690204
with_ring_types,aip,pas_thiophene_branch_count,0.0012104964601845818,0.0002481156683108355,5,0.00030807629273183157
with_ring_types,aip,pas_pyrazine_middle_count,0.001203029345142339,0.0002403907227476406,5,0.00029848450593792855
with_ring_types,aip,pas_14diborinine_branch_count,0.0011267709724637426,0.00016718174526081077,5,0.00020758355424722188
with_ring_types,aip,pas_acceptor_ring_count,0.0011000833332246516,0.00010154643757876766,5,0.00012608655568740185
with_ring_types,aip,pas_total_rings,0.001068930616241684,4.048201963251812e-05,5,5.026506635227582e-05
with_ring_types,aip,paper_lalas_number_of_rings,0.0010546582950865676,2.9208261743952334e-05,5,3.626684705757797e-05
with_ring_types,aip,pas_dhdiborinine_middle_count,0.0010409213745510631,0.00015900590219664306,5,0.00019743190425948088
with_ring_types,aip,pas_benzene_count,0.0010362617820549873,0.00011630940726141043,5,0.00014441720364891306
with_ring_types,aip,pas_dhdiborinine_terminal_count,0.0009608020902280969,0.00013383853409833083,5,0.0001661824893622646
with_ring_types,aip,pas_furan_terminal_count,0.0009399946780321933,4.3989369105784066e-05,5,5.462001592234909e-05
with_ring_types,aip,pas_pyridine_terminal_count,0.0008855059903886346,6.307559400576499e-05,5,7.831869424227568e-05
with_ring_types,aip,pas_thiophene_count,0.0008520409214341568,6.947243024259348e-05,5,8.626141549995089e-05
with_ring_types,aip,thiophene,0.0008500008971381095,8.963727763008465e-05,5,0.00011129938053027194
with_ring_types,aip,pas_14diborinine_middle_count,0.0008446492041252051,0.00013597320090744962,5,0.0001688330282873079
with_ring_types,aip,pas_14diborinine_count,0.0008418598465549405,0.0005569801512567556,5,0.0006915822015296018
with_ring_types,aip,pas_la_count,0.0008368693953284562,4.2772114903412634e-05,5,5.310859520260224e-05
with_ring_types,aip,s,0.0007960981145054289,5.123046064313368e-05,5,6.361101859197407e-05
with_ring_types,aip,pas_branch_acceptor_count,0.0007864372680820277,4.614423580486276e-05,5,5.7295636323523285e-05
with_ring_types,aip,pas_donor_ring_count,0.0007502768833974334,8.334546959711892e-05,5,0.00010348706901212913
with_ring_types,aip,pas_14diborinine_terminal_count,0.0007241232878909835,7.809389091305774e-05,5,9.696637282639605e-05
with_ring_types,aip,pas_dhdiborinine_branch_count,0.0006804919399730858,0.00013196540002084991,5,0.0001638566862144479
with_ring_types,aip,pyrazine,0.0006501537674580303,9.76281345860737e-05,5,0.00012122133992731969
with_ring_types,aip,pas_pyrazine_terminal_count,0.0006436721453126855,7.77931068510001e-05,5,9.65929000853056e-05
with_ring_types,aip,pas_pyrazine_count,0.0006409740139099298,9.912923231717699e-05,5,0.000123085198937816
with_ring_types,aip,pas_pyridine_branch_count,0.0006345485464797992,9.132522661535013e-05,5,0.00011339524601608066
with_ring_types,aip,dhdiborinine,0.0006211762547364275,6.972902665008101e-05,5,8.658002202119657e-05
with_ring_types,aip,pyridine,0.0005925632112448873,5.083077262462621e-05,5,6.311474036887994e-05
with_ring_types,aip,pas_pyridine_count,0.0005911908474682516,5.468104119792415e-05,5,6.789548023975938e-05
with_ring_types,aip,pas_borole_terminal_count,0.0005557851150085676,0.00012185939090677991,5,0.00015130841853198807
with_ring_types,aip,pas_dhdiborinine_count,0.0005540694617513894,8.227200238350806e-05,5,0.00010215418341973643
with_ring_types,aip,furan,0.0005473106647201778,2.675201017959276e-05,5,3.321700791958101e-05
with_ring_types,aip,o,0.00052848275892755,2.0730997481977282e-05,5,2.5740933220224128e-05
with_ring_types,aip,pas_furan_count,0.0005251774586549548,4.4942049307937654e-05,5,5.580292463116468e-05
with_ring_types,aip,pas_parenthesis_count,0.0005243399775837013,4.137269077731217e-05,5,5.1370980647005526e-05
with_ring_types,aip,paper_lalas_number_of_branching_points,0.0005237748883126172,2.8522272337104273e-05,5,3.5415078707945576e-05
with_ring_types,aip,pas_branch_count,0.0005076634702368379,2.496812799492791e-05,5,3.1002025633845584e-05
with_ring_types,aip,pas_borole_branch_count,0.0004948672426003584,0.00011447463179441839,5,0.00014213902900676157
with_ring_types,aip,pas_furan_branch_count,0.00046698112630448585,2.9297516538416316e-05,5,3.6377671522530976e-05
with_ring_types,aip,pas_max_branch_depth,0.0003303854562670567,5.7117883668277124e-05,5,7.092121980449059e-05
with_ring_types,aip,pas_pyrazine_branch_count,0.00029732951610040545,6.27976652248547e-05,5,7.797360008095471e-05
with_ring_types,aip,pas_borinine_branch_count,0.0,0.0,5,0.0
with_ring_types,aip,pas_borinine_count,0.0,0.0,5,0.0
with_ring_types,aip,pas_borinine_fraction,0.0,0.0,5,0.0
with_ring_types,aip,pas_borinine_middle_count,0.0,0.0,5,0.0
with_ring_types,aip,pas_borinine_terminal_count,0.0,0.0,5,0.0
with_ring_types,aip,pas_pyrrole_branch_count,0.0,0.0,5,0.0
with_ring_types,aip,pas_pyrrole_count,0.0,0.0,5,0.0
with_ring_types,aip,pas_pyrrole_fraction,0.0,0.0,5,0.0
with_ring_types,aip,pas_pyrrole_middle_count,0.0,0.0,5,0.0
with_ring_types,aip,pas_pyrrole_terminal_count,0.0,0.0,5,0.0
with_ring_types,energy,rings,0.7633861055134875,0.039694616736177295,5,0.04928737652380804
with_ring_types,energy,atoms,0.1245805246127892,0.04140288363101274,5,0.05140847002644855
with_ring_types,energy,pas_cyclobutadiene_fraction,0.024158616065002997,0.0014640891499617893,5,0.0018179067876683093
with_ring_types,energy,b,0.018209843660477655,0.0004071356124213345,5,0.0005055256323302132
with_ring_types,energy,pas_cyclobutadiene_count,0.0141371082701374,0.0012223664616661063,5,0.0015177684280625286
with_ring_types,energy,borole,0.014054788625528744,0.0009775561072841484,5,0.0012137962246389457
with_ring_types,energy,cyclobutadiene,0.013972042856775498,0.0011829222562041667,5,0.0014687919782026858
with_ring_types,energy,aromatic_rings,0.00328008228877478,0.0007039604161175585,5,0.000874082304853715
with_ring_types,energy,c,0.002818193815052505,0.00031288967351636725,5,0.0003885038430150037
with_ring_types,energy,pas_pyrazine_fraction,0.002385334229081203,0.00024185496409910722,5,0.0003003026017087259
with_ring_types,energy,pyrrole,0.0022377137784572736,9.286577530097343e-05,5,0.00011530808985649925
with_ring_types,energy,pas_14diborinine_fraction,0.0016247505449572437,0.00011807391319815472,5,0.00014660812714518525
with_ring_types,energy,pas_thiophene_fraction,0.001447628302723838,7.403690307031092e-05,5,9.192895708090698e-05
with_ring_types,energy,aromatic_ring_fraction,0.0012118661769994067,0.0002142530826917108,5,0.0002660303392824718
with_ring_types,energy,pas_donor_acceptor_balance,0.0010752058089970394,0.0001250849955947407,5,0.00015531353574546627
with_ring_types,energy,n,0.0010329696716138274,4.6193846793043586e-05,5,5.7357236501462735e-05
with_ring_types,energy,pas_donor_acceptor_ratio,0.0009435116944604858,4.741217732491886e-05,5,5.8869993660804715e-05
with_ring_types,energy,heteroatom_density,0.000720267369294209,3.4313963370403147e-05,5,4.260641295271236e-05
with_ring_types,energy,pas_donor_fraction,0.0005321483207393953,6.72587140521931e-05,5,8.351272380408994e-05
with_ring_types,energy,pas_acceptor_fraction,0.0004254355828812277,1.8813334033033615e-05,5,2.335983955499951e-05
with_ring_types,energy,pas_pyridine_fraction,0.0003390314059670091,1.7943376271752574e-05,5,2.2279644322858896e-05
with_ring_types,energy,pas_borole_fraction,0.00027651855652667317,1.2628134377412731e-05,5,1.5679899820912724e-05
with_ring_types,energy,h,0.00026442004742610636,1.3393927153548538e-05,5,1.663075714112507e-05
with_ring_types,energy,pyrazine,0.0002622758629649231,2.1029953768350327e-05,5,2.6112136478050232e-05
with_ring_types,energy,pas_pyrazine_count,0.0002547228748957437,1.6573017781100247e-05,5,2.0578119520383047e-05
with_ring_types,energy,pas_benzene_fraction,0.00025418476217247587,2.311472104123497e-05,5,2.870071694542454e-05
with_ring_types,energy,pas_pyrazine_middle_count,0.00022252183378795856,9.851656302469747e-06,5,1.223244695345392e-05
with_ring_types,energy,pas_middle_acceptor_count,0.00019351197402728043,8.299593052669566e-06,5,1.0305305893241896e-05
with_ring_types,energy,pas_14diborinine_count,0.00019055517102566072,2.187123080221934e-05,5,2.715671988352104e-05
with_ring_types,energy,pas_acceptor_ring_count,0.0001778964315341215,9.424608351157188e-06,5,1.1702196886802442e-05
with_ring_types,energy,pas_furan_fraction,0.00016928461096963368,1.2767775513185177e-05,5,1.5853287191869653e-05
with_ring_types,energy,pas_benzene_middle_count,0.0001619292127777138,9.127084503224248e-06,5,1.1332772236217058e-05
with_ring_types,energy,paper_lalas_upper_a_ratio,0.00015985906873806623,5.328666972518888e-06,5,6.616413938194162e-06
with_ring_types,energy,paper_lalas_lower_to_upper_a_ratio,0.00015832365918603357,2.79885283707392e-06,5,3.4752348040651587e-06
with_ring_types,energy,pas_alternation_fraction,0.00014968969016557388,7.63715252002725e-06,5,9.482777332909007e-06
with_ring_types,energy,pas_thiophene_count,0.0001327223242311904,1.4004046659390158e-05,5,1.7388320566130485e-05
with_ring_types,energy,pas_middle_heterocycle_count,0.00013035333352827796,6.1660143843721105e-06,5,7.65611807348141e-06
with_ring_types,energy,14diborinine,0.00012809055570752262,1.6518027804447367e-05,5,2.0509840446111102e-05
with_ring_types,energy,s,0.00012805375367383557,1.2140224439614514e-05,5,1.5074079616782837e-05
with_ring_types,energy,thiophene,0.00012481212698931067,1.507702338252772e-05,5,1.8720597134161044e-05
with_ring_types,energy,pas_pyridine_middle_count,0.00012161304844573098,1.2575985324702965e-05,5,1.5615148219622575e-05
with_ring_types,energy,pas_pyridine_count,0.0001200382448932264,1.045270470553377e-05,5,1.2978747116716383e-05
with_ring_types,energy,pyridine,0.00011611766525317648,8.192156794198582e-06,5,1.0171906158996761e-05
with_ring_types,energy,heterocycles,0.00011093959472511428,1.9655230649928357e-05,5,2.440519227440726e-05
with_ring_types,energy,pas_middle_non_benzene_count,0.00010833254062798597,5.095054638882381e-06,5,6.326345913981344e-06
with_ring_types,energy,pas_dhdiborinine_fraction,0.00010818221069879195,7.708143523205215e-06,5,9.570924305751454e-06
with_ring_types,energy,pas_donor_ring_count,0.00010739682557970795,1.562805630632938e-05,5,1.9404794877470525e-05
with_ring_types,energy,pas_14diborinine_middle_count,0.00010656679300416155,2.132882002528697e-05,5,2.648322794956638e-05
with_ring_types,energy,pas_total_rings,0.00010426388495903311,7.886565607135008e-06,5,9.792464583851569e-06
with_ring_types,energy,paper_lalas_number_of_rings,0.0001004646105453929,1.0841972858896271e-05,5,1.3462087368393864e-05
with_ring_types,energy,heteroatoms,0.00010027495800340005,1.3658892488834817e-05,5,1.6959755058722033e-05
with_ring_types,energy,pas_thiophene_middle_count,9.858554566582878e-05,1.4811460997635601e-05,5,1.839085788156337e-05
with_ring_types,energy,heterocycle_fraction,9.535064314228461e-05,4.36080368573114e-06,5,5.414652939806648e-06
with_ring_types,energy,pas_benzene_count,8.988726227473851e-05,1.2929599625831751e-05,5,1.6054218366584176e-05
with_ring_types,energy,pas_cyclobutadiene_middle_count,8.563230326362886e-05,3.952887875619318e-05,5,4.908158564092675e-05
with_ring_types,energy,benzene,8.32989459028362e-05,3.1572886029172564e-06,5,3.920291590181424e-06
with_ring_types,energy,pas_terminal_heterocycle_count,8.178934153036878e-05,1.357660231772773e-05,5,1.6857578315852334e-05
with_ring_types,energy,pas_middle_donor_count,7.310474352292523e-05,5.553345943452204e-06,5,6.8953897275555306e-06
with_ring_types,energy,pas_borole_count,6.997067579998075e-05,4.859645810443997e-06,5,6.034047246850076e-06
with_ring_types,energy,borinine,6.982841717192715e-05,4.810275165686912e-06,5,5.972745494687097e-06
with_ring_types,energy,paper_lalas_longest_upper_a,6.71107610272136e-05,3.366499700981271e-06,5,4.1800614786721895e-06
with_ring_types,energy,pas_branch_density,6.545692977383678e-05,2.312574218059854e-06,5,2.871440149739147e-06
with_ring_types,energy,pas_borole_middle_count,6.34410056192e-05,7.089948481620967e-06,5,8.803333778748213e-06
with_ring_types,energy,pas_branch_non_benzene_count,6.196341009394137e-05,4.588513687823398e-06,5,5.6973922514355094e-06
with_ring_types,energy,pas_furan_count,6.0959393530499065e-05,2.3980067157913897e-06,5,2.97751860644902e-06
with_ring_types,energy,furan,6.015361467975543e-05,5.240677514313452e-06,5,6.507160595719018e-06
with_ring_types,energy,o,5.738370923227459e-05,2.9417321775192395e-06,5,3.6526429371832113e-06
with_ring_types,energy,pas_total_a,5.6823639350497594e-05,3.2424443993725644e-06,5,4.026026476878349e-06
with_ring_types,energy,pas_a_fraction,5.6596378948767146e-05,3.7542517027116997e-06,5,4.661519179452307e-06
with_ring_types,energy,pas_furan_middle_count,5.174798748595567e-05,2.9902248608181662e-06,5,3.7128545562117857e-06
with_ring_types,energy,pas_topology_length,5.036764265798539e-05,3.184929053725671e-05,5,3.954611742844355e-05
with_ring_types,energy,pas_longest_a_run,4.94527605444354e-05,1.5263059206828163e-06,5,1.8951591119571065e-06
with_ring_types,energy,pas_terminal_donor_count,4.9203140556331036e-05,8.5890412142394e-06,5,1.0664703254809426e-05
with_ring_types,energy,paper_lalas_longest_a_case_insensitive,4.826180095217087e-05,3.7464760056928706e-06,5,4.651864376403087e-06
with_ring_types,energy,branch,4.698355835303172e-05,4.112867340976299e-06,5,5.106799306678326e-06
with_ring_types,energy,pas_terminal_acceptor_count,4.6523565473402385e-05,6.238523200277527e-06,5,7.746149659743552e-06
with_ring_types,energy,pas_alternation_count,4.505061328887882e-05,4.4973641567048495e-06,5,5.584215160192454e-06
with_ring_types,energy,paper_lalas_longest_l_degeneracy,4.430905581250119e-05,2.82498380660971e-06,5,3.507680688175908e-06
with_ring_types,energy,pas_l_fraction,4.383153513142292e-05,3.4837122000977243e-06,5,4.3256000189645795e-06
with_ring_types,energy,pas_longest_l_run,4.32562834284967e-05,2.6230381084709362e-06,5,3.2569319852048676e-06
with_ring_types,energy,pas_benzene_terminal_count,4.246299561935309e-05,1.973580160962256e-06,5,2.450523433436028e-06
with_ring_types,energy,paper_lalas_l_ratio,4.23763292684791e-05,2.362897171409605e-06,5,2.933924349196821e-06
with_ring_types,energy,paper_lalas_longest_l,4.198216429967256e-05,2.0167813878290994e-06,5,2.5041648415148206e-06
with_ring_types,energy,pas_thiophene_terminal_count,4.182415610087104e-05,3.993134124239018e-06,5,4.958130882066514e-06
with_ring_types,energy,pas_terminal_non_benzene_count,4.1478671577669525e-05,2.4641281051913253e-06,5,3.0596191551781323e-06
with_ring_types,energy,pas_l_to_a_ratio,4.064431621639959e-05,1.54267069200682e-06,5,1.9154786593489593e-06
with_ring_types,energy,pas_branch_heterocycle_count,3.948010756125986e-05,3.4073604987157605e-06,5,4.230796860156991e-06
with_ring_types,energy,pas_benzene_branch_count,3.941061382246753e-05,2.89152697644421e-06,5,3.5903049464857663e-06
with_ring_types,energy,paper_lalas_lal_subsequence_count,3.935863554703256e-05,1.9568807456093074e-06,5,2.42978837060122e-06
with_ring_types,energy,pas_dhdiborinine_middle_count,3.915657978684195e-05,5.127002918630425e-06,5,6.366014942749033e-06
with_ring_types,energy,pas_furan_terminal_count,3.308736839688589e-05,2.5770147418546334e-06,5,3.1997864278012714e-06
with_ring_types,energy,pas_total_annulations,3.254217720546146e-05,8.395708429248439e-06,5,1.0424648896013681e-05
with_ring_types,energy,pas_cyclobutadiene_terminal_count,2.7076539425377026e-05,9.70777134678459e-06,5,1.2053790184096517e-05
with_ring_types,energy,pas_total_l,2.706861390203636e-05,8.354550420859588e-07,5,1.0373544478759475e-06
with_ring_types,energy,pas_pyridine_terminal_count,2.5322496734227836e-05,9.182970042088071e-07,5,1.1402163297844484e-06
with_ring_types,energy,pas_la_count,2.3929547609767516e-05,1.2306637454642266e-06,5,1.528070866637534e-06
with_ring_types,energy,pas_al_count,2.3518216154843584e-05,2.4431227965679615e-06,5,3.033537619689342e-06
with_ring_types,energy,pas_dhdiborinine_count,2.300527045006994e-05,3.0039890200524685e-06,5,3.7299450171985625e-06
with_ring_types,energy,dhdiborinine,2.2974771059521788e-05,2.4492344839821343e-06,5,3.0411262819197955e-06
with_ring_types,energy,pas_borole_terminal_count,2.197320899057496e-05,2.6118084239017664e-06,5,3.242988490164145e-06
with_ring_types,energy,pas_pyrazine_terminal_count,2.1698778845658893e-05,3.068790966211062e-06,5,3.810407260757227e-06
with_ring_types,energy,pas_branch_acceptor_count,1.8470979204880867e-05,1.954254896219644e-06,5,2.42652794794937e-06
with_ring_types,energy,pas_branch_donor_count,1.6139924170937625e-05,1.8909841138232168e-06,5,2.3479668953095415e-06
with_ring_types,energy,pas_cyclobutadiene_branch_count,1.5298815650817715e-05,1.176133160830939e-06,5,1.4603622028973771e-06
with_ring_types,energy,pas_14diborinine_terminal_count,1.4502303951305183e-05,2.589400261378921e-06,5,3.215165081493629e-06
with_ring_types,energy,pas_furan_branch_count,1.2826742849809286e-05,2.6771731785142704e-06,5,3.324149552717915e-06
with_ring_types,energy,pas_thiophene_branch_count,1.2331906614976285e-05,2.2737715663808283e-06,5,2.8232602941144603e-06
with_ring_types,energy,pas_14diborinine_branch_count,1.0396675163058282e-05,2.45647445859971e-06,5,3.0501158977503486e-06
with_ring_types,energy,pas_dhdiborinine_terminal_count,9.968275490662062e-06,7.759980343190334e-07,5,9.635288218908345e-07
with_ring_types,energy,pas_parenthesis_count,9.815432136915883e-06,1.2467999946254869e-06,5,1.5481066662871165e-06
with_ring_types,energy,paper_lalas_number_of_branching_points,9.781836903772893e-06,1.2432415568551606e-06,5,1.543688282217854e-06
with_ring_types,energy,pas_branch_count,9.696244654523308e-06,6.886520809544033e-07,5,8.550744962091882e-07
with_ring_types,energy,pas_pyrazine_branch_count,8.549004868754695e-06,1.00595445026783e-06,5,1.2490574247304257e-06
with_ring_types,energy,pas_pyridine_branch_count,7.299345324012526e-06,8.051719670473148e-07,5,9.997530438455601e-07
with_ring_types,energy,pas_dhdiborinine_branch_count,7.275720023391037e-06,5.912012665545295e-07,5,7.340733283732277e-07
with_ring_types,energy,pas_borole_branch_count,7.085605540738151e-06,8.119268634921406e-07,5,1.008140355572695e-06
with_ring_types,energy,pas_max_branch_depth,6.780143399644632e-06,1.0170458947714575e-06,5,1.262829272058655e-06
with_ring_types,energy,pas_borinine_branch_count,0.0,0.0,5,0.0
with_ring_types,energy,pas_borinine_count,0.0,0.0,5,0.0
with_ring_types,energy,pas_borinine_fraction,0.0,0.0,5,0.0
with_ring_types,energy,pas_borinine_middle_count,0.0,0.0,5,0.0
with_ring_types,energy,pas_borinine_terminal_count,0.0,0.0,5,0.0
with_ring_types,energy,pas_pyrrole_branch_count,0.0,0.0,5,0.0
with_ring_types,energy,pas_pyrrole_count,0.0,0.0,5,0.0
with_ring_types,energy,pas_pyrrole_fraction,0.0,0.0,5,0.0
with_ring_types,energy,pas_pyrrole_middle_count,0.0,0.0,5,0.0
with_ring_types,energy,pas_pyrrole_terminal_count,0.0,0.0,5,0.0
with_ring_types,gap,b,0.3300057889371494,0.0036548775544340377,5,0.004538129877183771
with_ring_types,gap,aromatic_ring_fraction,0.07562353711327632,0.0031993551009773394,5,0.003972524046353138
with_ring_types,gap,paper_lalas_longest_l,0.03931405912324046,0.0007175986916675213,5,0.0008910164606016864
with_ring_types,gap,pas_longest_l_run,0.038107101041841895,0.001239738462655212,5,0.0015393386162674614
with_ring_types,gap,borole,0.020202718403491655,0.0011971042639056391,5,0.0014864012665878527
with_ring_types,gap,pas_alternation_fraction,0.01875555577320446,0.0004056450137545397,5,0.0005036748096298836
with_ring_types,gap,heteroatom_density,0.018324507355948944,0.00048736228066222916,5,0.0006051401979807696
with_ring_types,gap,pas_cyclobutadiene_fraction,0.01709726645442137,0.0016040517629140575,5,0.0019916933252656687
with_ring_types,gap,paper_lalas_upper_a_ratio,0.015849199677172354,0.0006153099517818495,5,0.000764008214864018
with_ring_types,gap,pas_borole_fraction,0.014462408860782792,0.0010006838707812132,5,0.0012425131359322225
with_ring_types,gap,atoms,0.012308358391804223,0.0003431124698729744,5,0.0004260304011760468
with_ring_types,gap,pas_middle_non_benzene_count,0.012224553178652878,0.001050690333689387,5,0.001304604360602814
with_ring_types,gap,paper_lalas_lower_to_upper_a_ratio,0.011117806479522752,0.00035835062342852556,5,0.0004449510678450754
with_ring_types,gap,pas_cyclobutadiene_count,0.010745005916165637,0.0007911723382442055,5,0.000982370208772523
with_ring_types,gap,cyclobutadiene,0.010235208004427364,0.0006573181601248857,5,0.0008161682947926092
with_ring_types,gap,pas_benzene_fraction,0.009405761316725126,0.0004810450929762804,5,0.0005972963734612309
with_ring_types,gap,pas_acceptor_fraction,0.009310093314729123,0.00024400451873327067,5,0.0003029716263101387
with_ring_types,gap,pas_dhdiborinine_fraction,0.008915284913521577,0.0004770598210856578,5,0.0005923480048315914
with_ring_types,gap,pas_branch_density,0.008698512769218186,0.00046087690560131023,5,0.0005722542612887027
with_ring_types,gap,pas_14diborinine_fraction,0.008395375628779072,0.0013154050905666392,5,0.001633291144010561
with_ring_types,gap,c,0.008222350451365188,0.00040679454005635677,5,0.0005051021350538381
with_ring_types,gap,pas_pyrazine_fraction,0.007699918246699214,0.0006455312805693964,5,0.000801532950797394
with_ring_types,gap,h,0.00756635610144243,0.00015200279358279617,5,0.0001887363964181565
with_ring_types,gap,heterocycle_fraction,0.007489965986501437,0.00015640983669936806,5,0.00019420846319453554
with_ring_types,gap,pas_cyclobutadiene_middle_count,0.007325715957772183,0.00046583470570605136,5,0.0005784101831890506
with_ring_types,gap,n,0.007230298300108083,0.00052980485907073,5,0.0006578396195815456
with_ring_types,gap,pas_topology_length,0.007193122565209598,0.00022657610774276762,5,0.00028133139583733227
with_ring_types,gap,pas_cyclobutadiene_branch_count,0.007111182439281577,0.0007106198534873041,5,0.0008823510884840206
with_ring_types,gap,14diborinine,0.006811773044813394,0.0022099170679323716,5,0.0027439744622676527
with_ring_types,gap,pas_total_l,0.0067805305251771196,0.0010022302312843372,5,0.0012444331960971959
with_ring_types,gap,pas_donor_fraction,0.006704113904750982,0.00038561174866477314,5,0.00047880022560144815
with_ring_types,gap,pas_branch_non_benzene_count,0.006491625631808076,0.0006045674369423887,5,0.0007506696209376899
with_ring_types,gap,pas_furan_fraction,0.006342986964995491,0.0001132837438622268,5,0.00014066034633546391
with_ring_types,gap,paper_lalas_longest_upper_a,0.006248860353971543,0.00017513720288236007,5,0.0002174615595651354
with_ring_types,gap,pas_a_fraction,0.00620666925774697,0.0003872143082146336,5,0.0004807900660994875
with_ring_types,gap,pas_benzene_middle_count,0.0060602188222767545,0.0002446918502156026,5,0.0003038250610665823
with_ring_types,gap,pas_donor_acceptor_balance,0.006038182987927477,0.0004066592692103328,5,0.0005049341741143236
with_ring_types,gap,pas_middle_heterocycle_count,0.0055453505920783465,0.0001578215137223623,5,0.00019596129173107897
with_ring_types,gap,pas_pyridine_fraction,0.005252619697861926,0.0002971277435981146,5,0.00036893282209329853
with_ring_types,gap,pas_total_rings,0.0049499665861467545,0.0004961832972775768,5,0.000616092936739604
with_ring_types,gap,pas_acceptor_ring_count,0.004924981408825589,0.0010981377606894137,5,0.0013635181225161482
with_ring_types,gap,paper_lalas_number_of_rings,0.0045770101030896205,0.00021281762356741292,5,0.000264247981366938
with_ring_types,gap,pyrrole,0.004549270964114687,0.00016183746657256386,5,0.00020094775580365806
with_ring_types,gap,pas_total_a,0.004477391070824236,0.0003376874976362728,5,0.0004192944084584794
with_ring_types,gap,pas_l_to_a_ratio,0.004447427783518119,0.0002666400866339856,5,0.0003310773960513532
with_ring_types,gap,branch,0.004369093626650755,0.00017771515269415154,5,0.00022066250703561304
with_ring_types,gap,pas_14diborinine_middle_count,0.004357454848738708,0.000913784499344781,5,0.0011346133149530678
with_ring_types,gap,pas_total_annulations,0.004282647395147527,0.00010801377833778548,5,0.00013411681987199008
with_ring_types,gap,pas_middle_acceptor_count,0.004240307000409675,0.00027687538640992825,5,0.0003437861992939643
with_ring_types,gap,paper_lalas_l_ratio,0.004175310737542825,0.00016656065345936263,5,0.0002068123669177842
with_ring_types,gap,pas_l_fraction,0.0041691862352705,0.0002482522574844709,5,0.000308245890591279
with_ring_types,gap,pas_donor_acceptor_ratio,0.0041482713202480506,0.00018218616976023347,5,0.00022621400796192165
with_ring_types,gap,pas_terminal_heterocycle_count,0.0041447487060273965,9.550542997980237e-05,5,0.00011858565403889129
with_ring_types,gap,pas_thiophene_fraction,0.004105113239513114,0.00017536988252135562,5,0.00021775046949599125
with_ring_types,gap,heteroatoms,0.004016341124575961,0.00020294970783082532,5,0.00025199534565950886
with_ring_types,gap,pas_benzene_branch_count,0.004009696737358448,0.00011982186931984886,5,0.00014877850133193275
with_ring_types,gap,pas_alternation_count,0.0038257964084946394,0.00030379039940570926,5,0.0003772056019420121
with_ring_types,gap,paper_lalas_lal_subsequence_count,0.0037355291463418067,0.0002976836088339744,5,0.00036962301994451877
with_ring_types,gap,pas_pyrazine_count,0.0036350290069512826,0.000644321251927403,5,0.0008000305017958354
with_ring_types,gap,pyrazine,0.0036265274599101465,0.0005175055983697654,5,0.0006425680703646355
with_ring_types,gap,pas_pyrazine_middle_count,0.003399871955740376,0.000926778229400794,5,0.0011507471617659974
with_ring_types,gap,paper_lalas_longest_a_case_insensitive,0.003391814784735146,9.001276574869768e-05,5,0.000111765610608907
with_ring_types,gap,pas_longest_a_run,0.0033780936567988527,9.321557567563984e-05,5,0.00011574242438828072
with_ring_types,gap,pas_benzene_terminal_count,0.003307075487944444,0.00015283403392444682,5,0.00018976851762423874
with_ring_types,gap,pas_terminal_non_benzene_count,0.0033017866998772544,0.0001240180450859684,5,0.0001539887417108585
with_ring_types,gap,paper_lalas_longest_l_degeneracy,0.003226836693156744,0.00020952078672959904,5,0.0002601544177574726
with_ring_types,gap,heterocycles,0.0031585014353373354,0.00017918511424767832,5,0.00022248770537537096
with_ring_types,gap,aromatic_rings,0.0030557554805322458,0.0002665527475313692,5,0.000330968950231999
with_ring_types,gap,pas_cyclobutadiene_terminal_count,0.0029849925491724815,0.0004403282051823787,5,0.0005467396797686408
with_ring_types,gap,pas_borole_middle_count,0.0028569393033172135,0.00025186967563770106,5,0.0003127375084785937
with_ring_types,gap,pas_branch_heterocycle_count,0.0025589194225732565,0.0001508331014040227,5,0.00018728403175079296
with_ring_types,gap,pas_middle_donor_count,0.0024448734509709734,0.00014461479376757995,5,0.00017956298302886645
with_ring_types,gap,pas_al_count,0.002346842235939647,0.00023118301466880912,5,0.0002870516263104735
with_ring_types,gap,pas_dhdiborinine_branch_count,0.002343534973889024,0.0003109366975373603,5,0.000386078903052514
with_ring_types,gap,pas_terminal_acceptor_count,0.0021857606819055348,0.00022314790328345583,5,0.00027707471778172315
with_ring_types,gap,pas_furan_middle_count,0.0021671741174036792,6.43332027581081e-05,5,7.988022175388607e-05
with_ring_types,gap,pas_dhdiborinine_middle_count,0.0021663653625665987,0.00027104794029463253,5,0.00033655046925112924
with_ring_types,gap,pas_pyridine_middle_count,0.0019435699787079806,0.00017442989628621295,5,0.0002165833224290075
with_ring_types,gap,pas_terminal_donor_count,0.0018624616473056576,0.00013069280903284973,5,0.00016227655580020953
with_ring_types,gap,pas_branch_acceptor_count,0.001829997857845211,0.00019980731754680494,5,0.0002480935527755354
with_ring_types,gap,pas_14diborinine_count,0.0018141238714803006,0.0004646230211872195,5,0.0005769056781448364
with_ring_types,gap,benzene,0.0017446755588494344,5.788867450482316e-05,5,7.187828303637517e-05
with_ring_types,gap,pas_thiophene_middle_count,0.0017065254996471168,6.430963307286634e-05,5,7.98509561242724e-05
with_ring_types,gap,rings,0.001671666310118155,9.161541784765915e-05,5,0.00011375556602183317
with_ring_types,gap,pas_la_count,0.0015991704873172786,0.0001437058895468259,5,0.0001784344293801407
with_ring_types,gap,pas_benzene_count,0.0015815338639448093,3.25850668450461e-05,5,4.045970438055693e-05
with_ring_types,gap,pas_thiophene_terminal_count,0.0014225733868030456,0.00011425406770517611,5,0.0001418651625178528
with_ring_types,gap,pas_borole_terminal_count,0.0014166101072680464,0.00013748988247767638,5,0.00017071623718979763
with_ring_types,gap,pas_pyridine_terminal_count,0.0014032156323160825,0.00011388722036886074,5,0.00014140966138751304
with_ring_types,gap,pas_branch_donor_count,0.0013978942298286403,7.627700861288715e-05,5,9.471041548530059e-05
with_ring_types,gap,pas_furan_terminal_count,0.0013665522719324863,5.74128120814253e-05,5,7.128742179714404e-05
with_ring_types,gap,borinine,0.001262624690949309,0.0002040285345992961,5,0.0002533348860182175
with_ring_types,gap,pas_14diborinine_branch_count,0.001110469719752232,8.263153334314213e-05,5,0.00010260060006855368
with_ring_types,gap,pas_14diborinine_terminal_count,0.0010963095381070344,7.471411983117277e-05,5,9.27698327518493e-05
with_ring_types,gap,pas_borole_count,0.0010917989866930696,0.00024991963983770265,5,0.0003103162192305272
with_ring_types,gap,pas_thiophene_branch_count,0.001090355139053334,0.00012382193967112838,5,0.00015374524467739884
with_ring_types,gap,pas_donor_ring_count,0.0010542612348865942,3.654645631749131e-05,5,4.5378419071355564e-05
with_ring_types,gap,pas_branch_count,0.001013057204962971,8.826701652006243e-05,5,0.00010959797664181863
with_ring_types,gap,pas_dhdiborinine_terminal_count,0.0009955867189644898,0.00015483174685538116,5,0.000192249005849326
with_ring_types,gap,pas_parenthesis_count,0.0009675761672984101,7.016064659032012e-05,5,8.711594896189834e-05
with_ring_types,gap,pas_pyridine_branch_count,0.0009657898934228432,0.00017872274294580479,5,0.00022191359557603197
with_ring_types,gap,paper_lalas_number_of_branching_points,0.0009640445261440035,6.205609868814455e-05,5,7.705282361004906e-05
with_ring_types,gap,pas_furan_branch_count,0.0009265986934507038,6.881646315818184e-05,5,8.544692478723026e-05
with_ring_types,gap,pas_borole_branch_count,0.0008892667711171053,0.0001731922388446544,5,0.00021504656774171528
with_ring_types,gap,pas_pyridine_count,0.0008740312920666197,1.8461336770777753e-05,5,2.2922777226990116e-05
with_ring_types,gap,pyridine,0.0008591765851825561,2.354658491870721e-05,5,2.92369467742065e-05
with_ring_types,gap,pas_pyrazine_branch_count,0.0007630987275013774,0.00010665597185404223,5,0.00013243088044459847
with_ring_types,gap,pas_pyrazine_terminal_count,0.000753755597588331,5.465061663247397e-05,5,6.78577031521789e-05
with_ring_types,gap,pas_furan_count,0.0007407436156414876,3.155709967953933e-05,5,3.91833145598116e-05
with_ring_types,gap,furan,0.0007305238253679095,4.5154657865678276e-05,5,5.6066913023021236e-05
with_ring_types,gap,dhdiborinine,0.000726072432840056,0.0001495485655760135,5,0.0001856890698587511
with_ring_types,gap,o,0.0007231287897011883,5.431055658118419e-05,5,6.743546282926503e-05
with_ring_types,gap,thiophene,0.0006730468945608951,5.941433112543841e-05,5,7.377263593581435e-05
with_ring_types,gap,pas_thiophene_count,0.0006593501039381767,8.533497249474453e-06,5,1.0595736313443293e-05
with_ring_types,gap,s,0.0006500724672224184,5.253402437271778e-05,5,6.522960674436288e-05
with_ring_types,gap,pas_max_branch_depth,0.0006038554849555452,3.6154054668074124e-05,5,4.489118807043847e-05
with_ring_types,gap,pas_dhdiborinine_count,0.0005926505078431862,3.791198507946184e-05,5,4.707394697360613e-05
with_ring_types,gap,pas_borinine_branch_count,0.0,0.0,5,0.0
with_ring_types,gap,pas_borinine_count,0.0,0.0,5,0.0
with_ring_types,gap,pas_borinine_fraction,0.0,0.0,5,0.0
with_ring_types,gap,pas_borinine_middle_count,0.0,0.0,5,0.0
with_ring_types,gap,pas_borinine_terminal_count,0.0,0.0,5,0.0
with_ring_types,gap,pas_pyrrole_branch_count,0.0,0.0,5,0.0
with_ring_types,gap,pas_pyrrole_count,0.0,0.0,5,0.0
with_ring_types,gap,pas_pyrrole_fraction,0.0,0.0,5,0.0
with_ring_types,gap,pas_pyrrole_middle_count,0.0,0.0,5,0.0
with_ring_types,gap,pas_pyrrole_terminal_count,0.0,0.0,5,0.0
with_ring_types,homo,14diborinine,0.45953773670955156,0.015962051681677365,5,0.01981950491060667
with_ring_types,homo,pyrrole,0.07324775252508828,0.0016076519697849616,5,0.0019961635725233564
with_ring_types,homo,pas_cyclobutadiene_fraction,0.05760811549187121,0.001107777614932168,5,0.0013754875824773082
with_ring_types,homo,pas_borole_fraction,0.051282113724237646,0.002525682847979367,5,0.0031360494632167364
with_ring_types,homo,pas_14diborinine_fraction,0.040786174623608694,0.01382717758360004,5,0.01716870860232632
with_ring_types,homo,aromatic_ring_fraction,0.023557310075910127,0.0034547645317982525,5,0.004289656741405182
with_ring_types,homo,heteroatom_density,0.013641386970799729,0.0003980364223227172,5,0.0004942274955719479
with_ring_types,homo,pas_alternation_fraction,0.01084880364596193,0.0002707913091210183,5,0.00033623181956203563
with_ring_types,homo,pas_dhdiborinine_fraction,0.010089779513223169,0.0009593486756214469,5,0.001191188712243614
with_ring_types,homo,paper_lalas_upper_a_ratio,0.009582220186266263,0.0004689437806321245,5,0.0005822706095924737
with_ring_types,homo,n,0.0077152658045150785,0.00031965293323943275,5,0.0003969015391236357
with_ring_types,homo,pas_branch_density,0.0071943745549326605,0.0005638921801231549,5,0.0007001646189275549
with_ring_types,homo,pas_acceptor_fraction,0.006857219873021738,0.00025596446296296133,5,0.00031782185848067043
with_ring_types,homo,paper_lalas_lower_to_upper_a_ratio,0.006595255563466527,0.00013932023007869634,5,0.00017298891391018275
with_ring_types,homo,pas_donor_fraction,0.006481416050859749,0.0003934893851495351,5,0.0004885816032155135
with_ring_types,homo,pas_middle_non_benzene_count,0.006360509458731558,0.0002944978384288062,5,0.0003656673635258783
with_ring_types,homo,pas_thiophene_fraction,0.006352909595545795,0.0002118374485619342,5,0.0002630309333506959
with_ring_types,homo,pas_longest_l_run,0.00612114402893726,0.0002133150570058191,5,0.0002648656265589097
with_ring_types,homo,atoms,0.006076914229149279,0.00023005263424342477,5,0.00028564807363199953
with_ring_types,homo,paper_lalas_longest_l,0.00602778424823675,0.0003154235609974306,5,0.0003916500798757393
with_ring_types,homo,pas_benzene_fraction,0.005667125343025913,0.0002496485114363819,5,0.0003099795688557167
with_ring_types,homo,pas_pyrazine_fraction,0.005584711347647424,0.0005426539929201484,5,0.0006737939264904699
with_ring_types,homo,heterocycle_fraction,0.005128913779598674,0.0002820310460032302,5,0.00035018779619796125
with_ring_types,homo,pas_borole_middle_count,0.00471825957876898,0.0006803296057458024,5,0.0008447407783667251
with_ring_types,homo,c,0.00459894233354941,0.00021758055069414256,5,0.00027016193650626635
with_ring_types,homo,pas_donor_acceptor_ratio,0.004592374767109992,0.00039013443199112304,5,0.00048441587866305326
with_ring_types,homo,h,0.004208134876891105,8.836780801577812e-05,5,0.0001097231258133739
with_ring_types,homo,pas_topology_length,0.003948646577055306,0.00019688492113731923,5,0.00024446491836539703
with_ring_types,homo,borole,0.0038010505857950074,0.0006828577488660474,5,0.00084787988266144
with_ring_types,homo,pas_a_fraction,0.003766583683875409,3.9803378520626665e-05,5,4.9422422115939224e-05
with_ring_types,homo,pas_pyridine_fraction,0.0037566473268725586,0.0002715831678142878,5,0.000337215041993133
with_ring_types,homo,pas_benzene_middle_count,0.003635477667766946,0.0001017776353315667,5,0.00012637362561351804
with_ring_types,homo,b,0.0035669360662529412,8.513772454229654e-05,5,0.00010571244745315886
with_ring_types,homo,pas_branch_non_benzene_count,0.003525081131058624,0.00017354954645253256,5,0.00021549022373470187
with_ring_types,homo,pas_middle_heterocycle_count,0.0034235741700851543,5.5138883669811505e-05,5,6.846396675395052e-05
with_ring_types,homo,pas_donor_acceptor_balance,0.003399725157824416,0.0002279825426109792,5,0.000283077715379009
with_ring_types,homo,pas_borole_count,0.003321440563722152,0.0008936434913713369,5,0.0011096049504649072
with_ring_types,homo,heteroatoms,0.00330622843457169,0.0002246840574058495,5,0.00027898210505119164
with_ring_types,homo,borinine,0.00326601935343034,0.0013129816228056865,5,0.0016302820113409783
with_ring_types,homo,pas_total_l,0.0032631330306129905,0.00017134129863664516,5,0.0002127483219226024
with_ring_types,homo,aromatic_rings,0.003251279993710548,0.000362061763079545,5,0.00044955905634205264
with_ring_types,homo,paper_lalas_longest_upper_a,0.0031090193003098536,0.00011653309435376062,5,0.00014469494785834718
with_ring_types,homo,pas_total_a,0.002973143369563938,0.00015028036535022583,5,0.00018659771929228417
with_ring_types,homo,pas_cyclobutadiene_branch_count,0.002878498521444101,0.0006526363198801957,5,0.0008103550223154361
with_ring_types,homo,pas_furan_fraction,0.0028384632394726304,0.00019354544949812616,5,0.00024031841665798852
with_ring_types,homo,pas_l_to_a_ratio,0.002826860202056423,0.00011425799545543069,5,0.00014187003946393786
with_ring_types,homo,pas_l_fraction,0.00273161594267315,0.00010092249289486274,5,0.00012531182603652647
with_ring_types,homo,paper_lalas_l_ratio,0.0027315810132246864,5.351647851552603e-05,5,6.644948468337402e-05
with_ring_types,homo,branch,0.002498882173602507,0.00012999085966958614,5,0.00016140497054728306
with_ring_types,homo,pas_terminal_heterocycle_count,0.002482061592090451,9.501649418081671e-05,5,0.0001179785600598578
with_ring_types,homo,pas_total_annulations,0.0024229323642221186,5.044172054875876e-05,5,6.263166841284889e-05
with_ring_types,homo,paper_lalas_lal_subsequence_count,0.0021344067571267946,0.00011738282939245682,5,0.00014575003326390852
with_ring_types,homo,pas_cyclobutadiene_middle_count,0.002104540433778625,0.00010699733685922405,5,0.00013285474108177937
with_ring_types,homo,pas_benzene_branch_count,0.002080558072459928,0.00014702014279958895,5,0.0001825496183250263
with_ring_types,homo,pas_alternation_count,0.002071053810958564,9.984666335939842e-05,5,0.00012397600723413615
with_ring_types,homo,pas_terminal_donor_count,0.00198898355618117,0.0002060660580579771,5,0.00025586480554235733
with_ring_types,homo,pas_middle_acceptor_count,0.0019041934195643071,0.00010121461300783626,5,0.00012567454106395692
with_ring_types,homo,pas_terminal_non_benzene_count,0.0018612797681916125,0.00013888996537110733,5,0.0001724546697130718
with_ring_types,homo,paper_lalas_longest_a_case_insensitive,0.0018378778697788196,2.6596797669147366e-05,5,3.302428613329013e-05
with_ring_types,homo,pas_benzene_terminal_count,0.0018312427445039796,0.00011745666700300043,5,0.00014584171476663392
with_ring_types,homo,pas_longest_a_run,0.0018309095966835554,4.059216559978922e-05,5,5.040183063438368e-05
with_ring_types,homo,pas_cyclobutadiene_terminal_count,0.0018131168345786191,0.00014014491653326623,5,0.00017401289739062847
with_ring_types,homo,heterocycles,0.0017816823979290761,0.0001123025862597832,5,0.00013944207826394576
with_ring_types,homo,pas_pyridine_middle_count,0.0017724643783768004,0.00025210667158682325,5,0.0003130317778163388
with_ring_types,homo,dhdiborinine,0.0017586824669730057,0.0008396819058318469,5,0.0010426027924145295
with_ring_types,homo,pas_dhdiborinine_count,0.0017184125509990273,0.0007813821703077057,5,0.0009702141097094023
with_ring_types,homo,paper_lalas_longest_l_degeneracy,0.001650376633515203,2.4874605390611854e-05,5,3.088590198304808e-05
with_ring_types,homo,pas_furan_middle_count,0.0016462874868958144,0.0001051000092700795,5,0.00013049889772153982
with_ring_types,homo,pas_14diborinine_branch_count,0.0016007928169531845,0.000295435768800241,5,0.0003668319579009108
with_ring_types,homo,pas_branch_heterocycle_count,0.0015430240118093012,6.954299754275266e-05,5,8.634903637600897e-05
with_ring_types,homo,pas_thiophene_middle_count,0.0014441205647993671,6.602507315536763e-05,5,8.198095631578994e-05
with_ring_types,homo,pas_terminal_acceptor_count,0.0014037822801972806,0.00017051022273470735,5,0.0002117164048953915
with_ring_types,homo,pas_dhdiborinine_middle_count,0.0013776444430743905,0.0001445093115206243,5,0.00017943200952037197
with_ring_types,homo,pas_middle_donor_count,0.0013591872918441994,5.301014725510657e-05,5,6.582079138614604e-05
with_ring_types,homo,pas_thiophene_terminal_count,0.0012818198669420646,0.0001524411542438302,5,0.0001892806930691913
with_ring_types,homo,pas_al_count,0.0012398040362207007,5.6934956922688245e-05,5,7.06940862501843e-05
with_ring_types,homo,pas_pyrazine_middle_count,0.001231162674093465,0.00017698349264969084,5,0.00021975403109948205
with_ring_types,homo,pas_pyrazine_count,0.0011648713826593817,0.00032463843493716954,5,0.0004030918570946992
with_ring_types,homo,pas_acceptor_ring_count,0.001140543846601879,2.7991488989434038e-05,5,3.4756024134297375e-05
with_ring_types,homo,benzene,0.0011240941098098404,7.312599931385666e-05,5,9.079792068068914e-05
with_ring_types,homo,rings,0.0011236702475508832,0.0001255735465804682,5,0.00015592015191573106
with_ring_types,homo,pyrazine,0.0010875028932668027,0.00028096630178996575,5,0.0003488657416410549
with_ring_types,homo,pas_total_rings,0.0010309233496028432,9.436212155366122e-05,5,0.00011716604912730881
with_ring_types,homo,cyclobutadiene,0.0010171487592100814,0.00025630616148401,5,0.00031824613323249606
with_ring_types,homo,paper_lalas_number_of_rings,0.0009930697029233823,0.00010848804446823816,5,0.00013470569905174058
with_ring_types,homo,pas_cyclobutadiene_count,0.0009464300264254201,0.00021387261412247506,5,0.0002655579251576037
with_ring_types,homo,pas_benzene_count,0.0009446083378044423,8.380274507689206e-05,5,0.0001040548515126248
with_ring_types,homo,pas_la_count,0.0008691166094788183,2.9402155161945003e-05,5,3.650759753418814e-05
with_ring_types,homo,pas_pyridine_terminal_count,0.000853229694035404,6.07402058331061e-05,5,7.541892682645426e-05
with_ring_types,homo,pas_branch_acceptor_count,0.0008528752331357543,4.103993732366732e-05,5,5.095781266333675e-05
with_ring_types,homo,pas_furan_terminal_count,0.0008363141121791636,5.267692481340888e-05,5,6.540704107689646e-05
with_ring_types,homo,pas_branch_donor_count,0.0008294503203850109,2.4821536845375664e-05,5,3.082000868099125e-05
with_ring_types,homo,pas_dhdiborinine_terminal_count,0.0007574142451236736,0.00017369404533777065,5,0.0002156696427982826
with_ring_types,homo,pas_dhdiborinine_branch_count,0.0007417735736222088,0.00010001039082354273,5,0.00012417930173188135
with_ring_types,homo,pas_14diborinine_middle_count,0.0007076809266921565,9.091565588102734e-05,5,0.00011288669678055418
with_ring_types,homo,pas_pyridine_count,0.00070258041162911,4.00514756029487e-05,5,4.973047533111789e-05
with_ring_types,homo,thiophene,0.0007024936057010039,5.678138904522219e-05,5,7.050340654545413e-05
with_ring_types,homo,pas_thiophene_count,0.0006802384882092803,8.875490813784217e-05,5,0.00011020377409864112
with_ring_types,homo,s,0.0006733795410907748,7.186621382559278e-05,5,8.923369039445232e-05
with_ring_types,homo,pas_thiophene_branch_count,0.0006676299436217011,3.18087339864138e-05,5,3.9495759819370596e-05
with_ring_types,homo,pyridine,0.0006550764006474283,2.442406202533793e-05,5,3.0326478506757876e-05
with_ring_types,homo,pas_donor_ring_count,0.0006236236321145213,2.0873376343506074e-05,5,2.5917719926689667e-05
with_ring_types,homo,pas_14diborinine_terminal_count,0.0005938799974401679,7.051802974056094e-05,5,8.755969875311702e-05
with_ring_types,homo,pas_borole_terminal_count,0.0005898801616478717,7.683354929429724e-05,5,9.540145201294329e-05
with_ring_types,homo,pas_parenthesis_count,0.0005475070822866608,4.70468467668778e-05,5,5.841637585944142e-05
with_ring_types,homo,pas_pyridine_branch_count,0.0005366639720032554,9.258848321810297e-05,5,0.00011496378626021208
with_ring_types,homo,pas_branch_count,0.0005333698723399347,3.319076861472913e-05,5,4.1211782461620666e-05
with_ring_types,homo,paper_lalas_number_of_branching_points,0.000527975367838969,2.5631617288257188e-05,5,3.18258564025662e-05
with_ring_types,homo,pas_furan_branch_count,0.00044596763174946217,4.883720832254842e-05,5,6.063940334688573e-05
with_ring_types,homo,furan,0.00044433595292069533,2.383172366959388e-05,5,2.9590993295675274e-05
with_ring_types,homo,pas_furan_count,0.00043483266478371203,2.336765670179006e-05,5,2.9014778048997683e-05
with_ring_types,homo,pas_borole_branch_count,0.00043124829566542234,6.960667817625666e-05,5,8.64281063260137e-05
with_ring_types,homo,o,0.00042233079364238776,3.437703043448373e-05,5,4.2684721055653635e-05
with_ring_types,homo,pas_pyrazine_terminal_count,0.00042206887427743544,2.80061938632948e-05,5,3.477428264676841e-05
with_ring_types,homo,pas_max_branch_depth,0.00033337571456665933,1.2243395446722827e-05,5,1.5202183341967655e-05
with_ring_types,homo,pas_pyrazine_branch_count,0.00032024145155556407,4.439199217564395e-05,5,5.5119938493040394e-05
with_ring_types,homo,pas_14diborinine_count,0.00023564564753154085,0.00010103137982789622,5,0.00012544702702114898
with_ring_types,homo,pas_borinine_branch_count,0.0,0.0,5,0.0
with_ring_types,homo,pas_borinine_count,0.0,0.0,5,0.0
with_ring_types,homo,pas_borinine_fraction,0.0,0.0,5,0.0
with_ring_types,homo,pas_borinine_middle_count,0.0,0.0,5,0.0
with_ring_types,homo,pas_borinine_terminal_count,0.0,0.0,5,0.0
with_ring_types,homo,pas_pyrrole_branch_count,0.0,0.0,5,0.0
with_ring_types,homo,pas_pyrrole_count,0.0,0.0,5,0.0
with_ring_types,homo,pas_pyrrole_fraction,0.0,0.0,5,0.0
with_ring_types,homo,pas_pyrrole_middle_count,0.0,0.0,5,0.0
with_ring_types,homo,pas_pyrrole_terminal_count,0.0,0.0,5,0.0
with_ring_types,lumo,aromatic_ring_fraction,0.3404258626164708,0.012435533527295534,5,0.015440754279298759
with_ring_types,lumo,borole,0.07816802735925182,0.009987362841521782,5,0.012400948877315666
with_ring_types,lumo,dhdiborinine,0.06473044547728968,0.01675123968091037,5,0.020799411237068757
with_ring_types,lumo,pas_pyrazine_fraction,0.06395918278658083,0.013847312546366671,5,0.01719370946069882
with_ring_types,lumo,pyrrole,0.03660970150777158,0.0026226757320858512,5,0.0032564820354937084
with_ring_types,lumo,pas_cyclobutadiene_fraction,0.0248793410275425,0.00852716288994947,5,0.010587871167269442
with_ring_types,lumo,pyrazine,0.02426481737355503,0.008329985912512699,5,0.010343043613111568
with_ring_types,lumo,pas_pyrazine_count,0.02134700887455363,0.006097150570573846,5,0.0075706123551090975
with_ring_types,lumo,paper_lalas_longest_l,0.018573130584282,0.0011338063080103015,5,0.0014078064735927223
with_ring_types,lumo,pas_longest_l_run,0.018442045275743415,0.0009787003902384207,5,0.001215217039587024
with_ring_types,lumo,heteroatom_density,0.01765503090926682,0.001765802509077779,5,0.0021925334034597578
with_ring_types,lumo,pas_pyridine_fraction,0.015146483396242753,0.0012685803218445409,5,0.0015751505144641134
with_ring_types,lumo,pas_14diborinine_fraction,0.015103693658574507,0.0016107719889366635,5,0.002000037587977731
with_ring_types,lumo,paper_lalas_upper_a_ratio,0.010798749178788461,0.0002978185344378425,5,0.00036979055220927765
with_ring_types,lumo,c,0.009826769550676032,0.0009811235698765984,5,0.0012182258145049297
with_ring_types,lumo,pas_alternation_fraction,0.00975804440146378,0.0003333860108350245,5,0.00041395340715862073
with_ring_types,lumo,heterocycle_fraction,0.00891365881443328,0.0011606243566685789,5,0.0014411054791137819
with_ring_types,lumo,b,0.008517758992663965,0.00037775270871974025,5,0.0004690419386412555
with_ring_types,lumo,pas_dhdiborinine_fraction,0.007804747889676783,0.0070126066402063855,5,0.008707301198708942
with_ring_types,lumo,atoms,0.0075199781155663985,0.0005700759053971426,5,0.0007078427279750482
with_ring_types,lumo,n,0.007379501078375023,0.0008938944648447447,5,0.001109916575191342
with_ring_types,lumo,pas_benzene_fraction,0.007314297512712566,0.0003914295323798536,5,0.0004860239581897997
with_ring_types,lumo,paper_lalas_lower_to_upper_a_ratio,0.0064079465205064395,0.00023497812195122207,5,0.0002917638743923666
with_ring_types,lumo,pas_acceptor_fraction,0.0060384043184668265,0.00019854606332658553,5,0.0002465274988177064
with_ring_types,lumo,h,0.005654067417852332,0.0005182556289942684,5,0.0006434993563886311
with_ring_types,lumo,pas_branch_density,0.0055935195454540594,0.00010378130639027634,5,0.0001288615118313606
with_ring_types,lumo,pas_benzene_middle_count,0.005376105194648173,0.0002194501418244438,5,0.0002724833405041225
with_ring_types,lumo,pas_middle_non_benzene_count,0.004798229709744784,0.00019642685871015556,5,0.00024389615874065805
with_ring_types,lumo,pas_pyridine_middle_count,0.004791069673467888,0.00076014065934797,5,0.0009438392902832477
with_ring_types,lumo,pas_borole_fraction,0.004657367963786073,0.00044333781542256993,5,0.0005504766044525116
with_ring_types,lumo,paper_lalas_longest_upper_a,0.003795674669070816,0.00012259234833912757,5,0.00015221850538795
with_ring_types,lumo,pas_topology_length,0.0037395806754050055,0.000192443177850529,5,0.00023894976563692633
with_ring_types,lumo,pas_a_fraction,0.0037001298165695745,0.0001524552839758967,5,0.0001892982374488025
with_ring_types,lumo,pas_branch_non_benzene_count,0.0036110459968041143,0.00011540076674608648,5,0.00014328897743372599
with_ring_types,lumo,pas_middle_heterocycle_count,0.003528426390657852,0.00013703658258224047,5,0.00017015339102924534
with_ring_types,lumo,pas_donor_fraction,0.0035045016954865114,0.00012650506564567803,5,0.00015707678560264253
with_ring_types,lumo,cyclobutadiene,0.0033935944260092,0.0006963101671951107,5,0.0008645832661894143
with_ring_types,lumo,pas_cyclobutadiene_count,0.0033170935848067496,0.0007872973283827844,5,0.0009775587485349117
with_ring_types,lumo,pas_total_a,0.0031771470013907967,0.000152614844388552,5,0.00018949635786873512
with_ring_types,lumo,pas_total_annulations,0.0030738786463492956,0.00017692357853168323,5,0.00021967963789616788
with_ring_types,lumo,pas_furan_fraction,0.003056865413751309,8.279463648955395e-05,5,0.00010280311937344701
with_ring_types,lumo,pas_cyclobutadiene_middle_count,0.0027359150645980897,0.0002735877624200253,5,0.00033970407494607075
with_ring_types,lumo,pas_donor_acceptor_balance,0.002730173522778093,0.00015715747465469334,5,0.00019513677832735363
with_ring_types,lumo,paper_lalas_l_ratio,0.002688018421018756,5.510307303032846e-05,5,6.841950197215176e-05
with_ring_types,lumo,pas_l_fraction,0.002670528898190712,7.431108126506208e-05,5,9.226939427442198e-05
with_ring_types,lumo,pas_cyclobutadiene_branch_count,0.002663075440909822,0.0003439917610501058,5,0.000427122185374629
with_ring_types,lumo,pas_dhdiborinine_count,0.002651393369693817,0.0015881139305430412,5,0.001971903892601171
with_ring_types,lumo,pas_pyrazine_middle_count,0.002644831781072711,0.0008583266732688861,5,0.0010657533288959832
with_ring_types,lumo,pas_l_to_a_ratio,0.0026187384792973147,0.00011130850319660081,5,0.0001382077611131681
with_ring_types,lumo,pas_total_l,0.002596346926950516,0.00026660259704191244,5,0.00033103084657456865
with_ring_types,lumo,heteroatoms,0.0025759970398011303,0.0001764120525331274,5,0.0002190444944796159
with_ring_types,lumo,pas_terminal_heterocycle_count,0.0024926121706182304,0.0001257809341240005,5,0.00015617765756221103
with_ring_types,lumo,pas_thiophene_fraction,0.0024369250292512927,7.918867300250298e-05,5,9.832572433273851e-05
with_ring_types,lumo,branch,0.0022604668049771644,0.00012895264787908016,5,0.00016011586034450113
with_ring_types,lumo,pas_middle_acceptor_count,0.002134857002808668,0.00016097520865808012,5,0.00019987712119407734
with_ring_types,lumo,pas_benzene_branch_count,0.002122975333813183,0.00011035356443205077,5,0.00013702204802873712
with_ring_types,lumo,pas_cyclobutadiene_terminal_count,0.0020622786408786135,0.00018239140292006521,5,0.0002264688385877223
with_ring_types,lumo,pas_longest_a_run,0.002044373674095816,7.185726274306877e-05,5,8.922257615753731e-05
with_ring_types,lumo,benzene,0.0020199170379358645,0.0002986127805461603,5,0.00037077673900768926
with_ring_types,lumo,paper_lalas_longest_a_case_insensitive,0.002005490197981792,0.0001188555039881452,5,0.00014757860029044408
with_ring_types,lumo,pas_pyridine_count,0.001931907010898401,0.00021792218713683116,5,0.0002705861341776272
with_ring_types,lumo,pyridine,0.0018828208036479363,0.00021820747333072923,5,0.000270940363773775
with_ring_types,lumo,pas_donor_acceptor_ratio,0.0018587201950423008,4.497130083722872e-05,5,5.583924520197781e-05
with_ring_types,lumo,pas_alternation_count,0.0018415938287136735,3.164458877713153e-05,5,3.929194662252717e-05
with_ring_types,lumo,pas_benzene_terminal_count,0.0018141506434325792,6.94719068209035e-05,5,8.626076558608254e-05
with_ring_types,lumo,pas_terminal_non_benzene_count,0.0017909345448279396,0.0001060381556661024,5,0.00013166376032652607
with_ring_types,lumo,paper_lalas_lal_subsequence_count,0.0017415782275180852,6.67074241776877e-05,5,8.28282070143423e-05
with_ring_types,lumo,heterocycles,0.0017113821752339012,8.281019576617942e-05,5,0.00010282243876707095
with_ring_types,lumo,pas_14diborinine_middle_count,0.0016981181599745924,7.079015523446171e-05,5,8.789758718188702e-05
with_ring_types,lumo,paper_lalas_longest_l_degeneracy,0.0016108412122595721,5.73225447998437e-05,5,7.117534016338845e-05
with_ring_types,lumo,pas_middle_donor_count,0.0015889670602452113,0.0001102758540639602,5,0.0001369255578623919
with_ring_types,lumo,pas_branch_heterocycle_count,0.0015160304830334386,5.971401261489834e-05,5,7.414473965220483e-05
with_ring_types,lumo,pas_borole_middle_count,0.001467142148583941,0.00012936481913140816,5,0.00016062763854961135
with_ring_types,lumo,pas_furan_middle_count,0.0014263206824505837,5.01373998039884e-05,5,6.225380430016098e-05
with_ring_types,lumo,pas_dhdiborinine_terminal_count,0.0014198270437813497,0.0001728041225787305,5,0.00021456465774720028
with_ring_types,lumo,pas_benzene_count,0.0013919174283329697,0.00013226950821072016,5,0.00016423428640536871
with_ring_types,lumo,pas_terminal_donor_count,0.0012309075184178554,6.41270888112641e-05,5,7.962429748656221e-05
with_ring_types,lumo,pas_acceptor_ring_count,0.0012138966999832624,0.00014071806394086813,5,0.0001747245538923116
with_ring_types,lumo,pas_terminal_acceptor_count,0.001211250568776206,0.00011299921637336742,5,0.00014030705879604792
with_ring_types,lumo,paper_lalas_number_of_rings,0.0011824070214678905,7.239228514229695e-05,5,8.988689420889154e-05
with_ring_types,lumo,pas_al_count,0.0011441078898140806,5.6503998881775956e-05,5,7.015898116604708e-05
with_ring_types,lumo,pas_total_rings,0.0011260606493578226,8.323618561176111e-05,5,0.00010335137502193012
with_ring_types,lumo,pas_branch_acceptor_count,0.0010169503175428188,8.670800649484284e-05,5,0.0001076622100206647
with_ring_types,lumo,aromatic_rings,0.0010081947701541625,9.27010016933298e-05,5,0.00011510349640003399
with_ring_types,lumo,pas_furan_terminal_count,0.000961753487431987,8.091051410328891e-05,5,0.00010046367243821194
with_ring_types,lumo,pas_thiophene_middle_count,0.0009349150211473685,6.124096990452498e-05,5,7.604070754552903e-05
with_ring_types,lumo,rings,0.0008430180159143775,8.462754401149518e-05,5,0.00010507897465547831
with_ring_types,lumo,pas_dhdiborinine_branch_count,0.0008298067943067986,9.763693892571648e-05,5,0.0001212322719588821
with_ring_types,lumo,pas_pyrazine_branch_count,0.0008208560140630823,8.167950180523115e-05,5,0.00010141849678277507
with_ring_types,lumo,pas_thiophene_terminal_count,0.0007892528641780605,6.431501215203095e-05,5,7.985763513321458e-05
with_ring_types,lumo,pas_la_count,0.0007394841002009197,3.1439711356567105e-05,5,3.903755770536747e-05
with_ring_types,lumo,pas_branch_donor_count,0.0007155612752019105,5.687338138683039e-05,5,7.06176301241395e-05
with_ring_types,lumo,pas_pyridine_terminal_count,0.0006993605275445678,7.629145291021814e-05,5,9.472835044927582e-05
with_ring_types,lumo,pas_borole_terminal_count,0.0006959609732242825,7.772173055024448e-05,5,9.650427470233238e-05
with_ring_types,lumo,pas_donor_ring_count,0.0006690682590632043,3.149330422261296e-05,5,3.910410203769717e-05
with_ring_types,lumo,14diborinine,0.0006396401142816038,5.148436514525041e-05,5,6.392628267123426e-05
with_ring_types,lumo,pas_borole_count,0.0006143859201904975,4.743232691146418e-05,5,5.889501267699673e-05
with_ring_types,lumo,pas_dhdiborinine_middle_count,0.0006114587256622862,4.1734053579756934e-05,5,5.181967182909121e-05
with_ring_types,lumo,borinine,0.00059834439521859,3.315616515140395e-05,5,4.1168816586996626e-05
with_ring_types,lumo,pas_furan_branch_count,0.0005924757232909589,6.626816398496831e-05,5,8.228279344719859e-05
with_ring_types,lumo,pas_14diborinine_terminal_count,0.0005783735138460517,6.419567769570853e-05,5,7.970946183505381e-05
with_ring_types,lumo,pas_pyridine_branch_count,0.0005441348909022892,7.557686862508208e-05,5,9.384107686874021e-05
with_ring_types,lumo,pas_thiophene_branch_count,0.0005330948896707084,6.001229688895771e-05,5,7.451510849653469e-05
with_ring_types,lumo,pas_parenthesis_count,0.0005294089477892005,3.83912382981199e-05,5,4.766901844123712e-05
with_ring_types,lumo,paper_lalas_number_of_branching_points,0.0005177770794098273,1.1181149053967907e-05,5,1.3883230238862054e-05
with_ring_types,lumo,pas_branch_count,0.0005131314515319566,2.667567904221368e-05,5,3.312223029435546e-05
with_ring_types,lumo,pas_borole_branch_count,0.0005003872308943665,7.512359771501133e-05,5,9.327826669827231e-05
with_ring_types,lumo,pas_14diborinine_count,0.0004662079661515847,6.14655145034047e-05,5,7.631951648994909e-05
with_ring_types,lumo,pas_thiophene_count,0.0004575296546850048,2.6627039855130864e-05,5,3.306183676685283e-05
with_ring_types,lumo,o,0.0004466473100888161,2.834155935346339e-05,5,3.519069390215071e-05
with_ring_types,lumo,pas_furan_count,0.0004438947038003935,2.0161099960874192e-05,5,2.503331198560485e-05
with_ring_types,lumo,thiophene,0.0004403258936714295,2.4133706628331008e-05,5,2.996595466361022e-05
with_ring_types,lumo,furan,0.00043656506464973915,2.5728973669459175e-05,5,3.194674031610011e-05
with_ring_types,lumo,s,0.0004280476576884394,3.2050973780252986e-05,5,3.979654025031301e-05
with_ring_types,lumo,pas_14diborinine_branch_count,0.0004150460328876876,4.63722011327435e-05,5,5.757869266399152e-05
with_ring_types,lumo,pas_pyrazine_terminal_count,0.00034586455260523125,5.144648659841371e-05,5,6.387925024332287e-05
with_ring_types,lumo,pas_max_branch_depth,0.00031435398693513417,3.202291768409536e-05,5,3.976170400578394e-05
with_ring_types,lumo,pas_borinine_branch_count,0.0,0.0,5,0.0
with_ring_types,lumo,pas_borinine_count,0.0,0.0,5,0.0
with_ring_types,lumo,pas_borinine_fraction,0.0,0.0,5,0.0
with_ring_types,lumo,pas_borinine_middle_count,0.0,0.0,5,0.0
with_ring_types,lumo,pas_borinine_terminal_count,0.0,0.0,5,0.0
with_ring_types,lumo,pas_pyrrole_branch_count,0.0,0.0,5,0.0
with_ring_types,lumo,pas_pyrrole_count,0.0,0.0,5,0.0
with_ring_types,lumo,pas_pyrrole_fraction,0.0,0.0,5,0.0
with_ring_types,lumo,pas_pyrrole_middle_count,0.0,0.0,5,0.0
with_ring_types,lumo,pas_pyrrole_terminal_count,0.0,0.0,5,0.0
