experiment,target,feature,mean_importance,std_importance
full_features,homo,pas_total_rings,0.0016906065261623959,0.0001580764295250078
full_features,homo,pas_total_annulations,0.0024191803580405624,7.759134991842476e-05
full_features,homo,pas_total_l,0.004574158511192035,0.0002755189550951775
full_features,homo,pas_total_a,0.003054484749926081,0.0001901521015073945
full_features,homo,pas_l_fraction,0.003041058689427849,0.00014244717795641032
full_features,homo,pas_a_fraction,0.0033281105807834457,0.0001529781768882263
full_features,homo,pas_l_to_a_ratio,0.003568999240745673,0.0002451700318582017
full_features,homo,pas_la_count,0.0009294471499125842,8.106715699995545e-05
full_features,homo,pas_al_count,0.0013834153863273313,6.74440151706586e-05
full_features,homo,pas_alternation_count,0.0023086820537994456,0.00011619928274148611
full_features,homo,pas_alternation_fraction,0.012421894501719353,0.00035923823968430236
full_features,homo,pas_branch_count,0.0006151360955949367,6.278915443613028e-05
full_features,homo,pas_branch_density,0.0051586175776552464,0.0003916985162740693
full_features,homo,pas_max_branch_depth,0.00036998562479659015,3.529554097527274e-05
full_features,homo,pas_parenthesis_count,0.0006070757165143096,5.875304605454997e-05
full_features,homo,pas_topology_length,0.003735433660167265,0.00019271339236572407
full_features,homo,pas_donor_ring_count,0.0009383041353892661,8.156992532298644e-05
full_features,homo,pas_acceptor_ring_count,0.0012476105855049172,0.00019821404390784212
full_features,homo,pas_donor_acceptor_balance,0.006919283266961288,0.0011543552446623491
full_features,homo,pas_donor_acceptor_ratio,0.007741952031419501,0.0009744433760538678
full_features,homo,pas_donor_fraction,0.006630734546089482,0.00043121204886480445
full_features,homo,pas_acceptor_fraction,0.015601523104744424,0.0023303026164550314
full_features,homo,pas_terminal_non_benzene_count,0.001607017019060304,7.992016561006712e-05
full_features,homo,pas_middle_non_benzene_count,0.004523981358759326,0.00023481414324777336
full_features,homo,pas_branch_non_benzene_count,0.003923863484097309,0.00031732783850803645
full_features,homo,pas_terminal_heterocycle_count,0.0026584368666874338,0.00010869507013855825
full_features,homo,pas_middle_heterocycle_count,0.002840236144129185,0.00011565161531637037
full_features,homo,pas_branch_heterocycle_count,0.0017066663152182898,0.00013381903848468327
full_features,homo,pas_terminal_donor_count,0.0028683631218127813,0.00022608657555239675
full_features,homo,pas_middle_donor_count,0.0019550112744846854,0.00010770411154334227
full_features,homo,pas_branch_donor_count,0.0010742361867306831,7.744318395199404e-05
full_features,homo,pas_terminal_acceptor_count,0.0013684751036614998,0.00010170678202145449
full_features,homo,pas_middle_acceptor_count,0.002553860825719977,0.00016037106146617438
full_features,homo,pas_branch_acceptor_count,0.0009202247853234106,6.656920686698984e-05
full_features,homo,heterocycle_fraction,0.004436313124012259,0.00020859142749084702
full_features,homo,heteroatom_density,0.011503189373855558,0.00038087747481221505
full_features,homo,aromatic_ring_fraction,0.0150915106758631,0.002121395492259816
full_features,homo,rings,0.0014546740825868995,0.00019309452391031383
full_features,homo,aromatic_rings,0.0044732344229199425,0.00036848432814190187
full_features,homo,atoms,0.005617191850005812,0.0001993253199760453
full_features,homo,heteroatoms,0.0025388923211686356,0.0001747841369081668
full_features,homo,heterocycles,0.0016093460136538081,0.00010001572369945271
full_features,homo,branch,0.0022892010328763954,0.0001704523818804829
full_features,homo,h,0.004073847225910893,0.0001414241591112194
full_features,homo,c,0.0049482513959031756,0.00032492725621396197
full_features,homo,b,0.002976007009841351,0.00025912727111930485
full_features,homo,s,0.0008594635417586823,9.722935675917454e-05
full_features,homo,o,0.0005620549859685813,4.23483950071331e-05
full_features,homo,n,0.005244092258291302,0.00036081533870489644
full_features,homo,pas_benzene_count,0.001685549719439455,0.00012559858880246058
full_features,homo,pas_benzene_fraction,0.005518153081213398,0.00021486302352827748
full_features,homo,pas_benzene_terminal_count,0.001633327502961262,6.821636710625793e-05
full_features,homo,pas_benzene_middle_count,0.0038766632222654585,0.00022008102154822036
full_features,homo,pas_benzene_branch_count,0.0020329379786700997,0.00011813730338691437
full_features,homo,pas_pyridine_count,0.0007107231289640595,6.867644860834087e-05
full_features,homo,pas_pyridine_fraction,0.003955070913657314,0.0002870186508234454
full_features,homo,pas_pyridine_terminal_count,0.0006077604569101633,5.504676939265643e-05
full_features,homo,pas_pyridine_middle_count,0.0013043449914472529,6.948133882052843e-05
full_features,homo,pas_pyridine_branch_count,0.0004965546906504674,4.4055129576419565e-05
full_features,homo,pas_pyrazine_count,0.0005812623911990933,8.959780833295368e-05
full_features,homo,pas_pyrazine_fraction,0.0037535654920772005,0.0002570265741482393
full_features,homo,pas_pyrazine_terminal_count,0.0004849744201754595,6.210846178086739e-05
full_features,homo,pas_pyrazine_middle_count,0.0009582943459615402,7.17287544100745e-05
full_features,homo,pas_pyrazine_branch_count,0.0003316763967597382,5.224702360091403e-05
full_features,homo,pas_thiophene_count,0.0008520560993280329,7.25869756891043e-05
full_features,homo,pas_thiophene_fraction,0.004937251811977936,0.00027048277745352566
full_features,homo,pas_thiophene_terminal_count,0.0012033591976283351,0.00011207073503221511
full_features,homo,pas_thiophene_middle_count,0.001354126714329645,0.00011435606416473622
full_features,homo,pas_thiophene_branch_count,0.0006033860164329158,8.162966346601218e-05
full_features,homo,pas_furan_count,0.0005465457711785883,4.7897284950076785e-05
full_features,homo,pas_furan_fraction,0.0032030219072525646,0.0002650080297741855
full_features,homo,pas_furan_terminal_count,0.0008219913212702357,8.868516775068637e-05
full_features,homo,pas_furan_middle_count,0.0019650927442090454,0.00014559047100502743
full_features,homo,pas_furan_branch_count,0.0005249929994563206,6.406552010853986e-05
full_features,homo,pas_borole_count,0.0006899630077604531,7.351481870149993e-05
full_features,homo,pas_borole_fraction,0.003428709911701402,0.0002703800213301745
full_features,homo,pas_borole_terminal_count,0.0008031560783841054,5.586463007068036e-05
full_features,homo,pas_borole_middle_count,0.001349282687704215,0.00010791568335185026
full_features,homo,pas_borole_branch_count,0.0005750358575771414,7.064702681965075e-05
full_features,homo,pas_cyclobutadiene_count,0.006820764275140666,0.002090144653530297
full_features,homo,pas_cyclobutadiene_fraction,0.04785114008466082,0.001706866609060505
full_features,homo,pas_cyclobutadiene_terminal_count,0.00150541210183934,7.834681901214134e-05
full_features,homo,pas_cyclobutadiene_middle_count,0.0018371308216937091,0.00017893867527666037
full_features,homo,pas_cyclobutadiene_branch_count,0.004612666457175141,0.0006680892881055618
full_features,homo,pas_pyrrole_count,0.00935260038645449,0.0021732322906254883
full_features,homo,pas_pyrrole_fraction,0.059982606561969104,0.0027929693593665224
full_features,homo,pas_pyrrole_terminal_count,0.0014962587810919484,0.000208529867445092
full_features,homo,pas_pyrrole_middle_count,0.000941443103702208,0.0001882260768262539
full_features,homo,pas_pyrrole_branch_count,0.00047056097757490993,5.3317690864016946e-05
full_features,homo,pas_dhdiborinine_count,0.0012248869449142709,0.00047041100063310507
full_features,homo,pas_dhdiborinine_fraction,0.023949547357820795,0.003485673471813076
full_features,homo,pas_dhdiborinine_terminal_count,0.0008233713961120641,0.0001048319120272441
full_features,homo,pas_dhdiborinine_middle_count,0.0010426486302555335,0.00014367506043538823
full_features,homo,pas_dhdiborinine_branch_count,0.00041750316398666784,5.238264227052594e-05
full_features,homo,pas_14diborinine_count,0.039363609826545375,0.03395516772176258
full_features,homo,pas_14diborinine_fraction,0.4714045920546174,0.03563555607137715
full_features,homo,pas_14diborinine_terminal_count,0.0006712314233522365,0.00010691187341654019
full_features,homo,pas_14diborinine_middle_count,0.0010221656298458157,0.0001616055453097587
full_features,homo,pas_14diborinine_branch_count,0.0015104290353114677,0.0002702314956750071
full_features,homo,pas_borinine_count,0.008733968350743521,0.0023701562028513317
full_features,homo,pas_borinine_fraction,0.03470675525419689,0.004059072469227682
full_features,homo,pas_borinine_terminal_count,0.001058058377784083,0.00016438908424501908
full_features,homo,pas_borinine_middle_count,0.013399294660762435,0.004003134749275679
full_features,homo,pas_borinine_branch_count,0.0006502678198560175,8.963338375784362e-05
full_features,homo,paper_lalas_lal_subsequence_count,0.0018284031070461184,7.732590924505849e-05
full_features,homo,paper_lalas_l_ratio,0.003049392934153469,0.00014287168276614352
full_features,homo,paper_lalas_longest_l_degeneracy,0.0019289899571392935,0.00010497399471797258
full_features,homo,paper_lalas_upper_a_ratio,0.010154880627297287,0.00028273428056401807
full_features,homo,paper_lalas_a_ratio,0.0033121310043533565,0.00014395542139991125
full_features,homo,paper_lalas_longest_upper_a,0.0033126485543443986,0.00017691722443948963
full_features,homo,paper_lalas_longest_lower_a,0.0036569716876868447,0.00018203419504013815
full_features,homo,paper_lalas_longest_a_case_insensitive,0.003155501898854241,0.000126329332549489
full_features,lumo,pas_total_rings,0.001418750911878655,0.00011156988885731509
full_features,lumo,pas_total_annulations,0.0038216400070781574,0.0003532836833905252
full_features,lumo,pas_total_l,0.012111532857780691,0.001051969120488559
full_features,lumo,pas_total_a,0.002638523753256356,8.538644052162314e-05
full_features,lumo,pas_l_fraction,0.0030500571175111047,0.00021839618697993974
full_features,lumo,pas_a_fraction,0.0033193862669244124,0.00021343170513878412
full_features,lumo,pas_l_to_a_ratio,0.003352378639485874,0.0002487437086822613
full_features,lumo,pas_la_count,0.0008341575431455857,5.41636305520159e-05
full_features,lumo,pas_al_count,0.0012541167092082525,8.031186686705468e-05
full_features,lumo,pas_alternation_count,0.002039199938632134,0.00011864817514868708
full_features,lumo,pas_alternation_fraction,0.01595496341612446,0.0006543157963799099
full_features,lumo,pas_branch_count,0.000653530138906472,6.324036394978428e-05
full_features,lumo,pas_branch_density,0.00553288477729574,0.0001913375242772293
full_features,lumo,pas_max_branch_depth,0.0004124371137406582,4.659103983156509e-05
full_features,lumo,pas_parenthesis_count,0.0006540244627038912,6.377284171496037e-05
full_features,lumo,pas_topology_length,0.003198590228073478,0.00020246239184999666
full_features,lumo,pas_donor_ring_count,0.0006305664299219481,3.914836838903646e-05
full_features,lumo,pas_acceptor_ring_count,0.017043665224384767,0.005166001176331579
full_features,lumo,pas_donor_acceptor_balance,0.028319076732009764,0.0020837043311906934
full_features,lumo,pas_donor_acceptor_ratio,0.010958570676135123,0.001938411841303285
full_features,lumo,pas_donor_fraction,0.009994366087499295,0.0025890702072246096
full_features,lumo,pas_acceptor_fraction,0.03472933858244529,0.0036489419586756924
full_features,lumo,pas_terminal_non_benzene_count,0.0015535842538083745,9.288290540003217e-05
full_features,lumo,pas_middle_non_benzene_count,0.004361667000995706,0.00023348641450041875
full_features,lumo,pas_branch_non_benzene_count,0.002797906805406255,0.00019442272897192753
full_features,lumo,pas_terminal_heterocycle_count,0.0023456963808569462,0.00011792043087575281
full_features,lumo,pas_middle_heterocycle_count,0.0028793397113774455,0.00014879461848454908
full_features,lumo,pas_branch_heterocycle_count,0.0017596921052595233,0.00012788799815305026
full_features,lumo,pas_terminal_donor_count,0.0018728014158401075,0.00012372967534310462
full_features,lumo,pas_middle_donor_count,0.0018790098271604554,7.180831188639758e-05
full_features,lumo,pas_branch_donor_count,0.0010109800911378022,8.628961341454374e-05
full_features,lumo,pas_terminal_acceptor_count,0.0014504714166944713,0.00012295472075628323
full_features,lumo,pas_middle_acceptor_count,0.002659075860367691,0.00027592364563264866
full_features,lumo,pas_branch_acceptor_count,0.0013093188934725742,0.0001632366733849446
full_features,lumo,heterocycle_fraction,0.010056853234248786,0.00108590200896802
full_features,lumo,heteroatom_density,0.013988856749312318,0.0006077094257740678
full_features,lumo,aromatic_ring_fraction,0.30131787328662724,0.015731634646166257
full_features,lumo,rings,0.0010158787204788023,0.0001390546999217598
full_features,lumo,aromatic_rings,0.0012790596417354264,9.17507807404807e-05
full_features,lumo,atoms,0.006250990445974433,0.0003230542933661012
full_features,lumo,heteroatoms,0.0023885450722754054,0.00013561700641050685
full_features,lumo,heterocycles,0.0015390455235306246,9.4176323739335e-05
full_features,lumo,branch,0.002571241002512898,0.00018765344937504436
full_features,lumo,h,0.004397830075090894,0.0002500527758480397
full_features,lumo,c,0.012480004273092987,0.001577607592382759
full_features,lumo,b,0.007099117924749003,0.0005254157779916979
full_features,lumo,s,0.00058263990375827,5.26826124236219e-05
full_features,lumo,o,0.0006528019155664816,5.371460763094267e-05
full_features,lumo,n,0.0029352414343696825,0.00032682247722506274
full_features,lumo,pas_benzene_count,0.002333758906107573,0.0002829699516482409
full_features,lumo,pas_benzene_fraction,0.006728906145530397,0.0003618426978397467
full_features,lumo,pas_benzene_terminal_count,0.0015885186435707218,8.549701705984915e-05
full_features,lumo,pas_benzene_middle_count,0.004472112010487319,0.0003716128095945293
full_features,lumo,pas_benzene_branch_count,0.002189136892571185,0.00011332417289942962
full_features,lumo,pas_pyridine_count,0.0012274016068867686,0.0003363120905469384
full_features,lumo,pas_pyridine_fraction,0.004675924530320374,0.0002824674545166497
full_features,lumo,pas_pyridine_terminal_count,0.0006004733684939089,6.568023595152925e-05
full_features,lumo,pas_pyridine_middle_count,0.0013046721991141624,0.00011879151894972851
full_features,lumo,pas_pyridine_branch_count,0.0005634106892260584,0.00010953679435896035
full_features,lumo,pas_pyrazine_count,0.027029291496906967,0.006990837593606756
full_features,lumo,pas_pyrazine_fraction,0.06292857249495326,0.00832725741805287
full_features,lumo,pas_pyrazine_terminal_count,0.0003856710045585555,4.4429618743760056e-05
full_features,lumo,pas_pyrazine_middle_count,0.0015302364227625558,0.0003294887601615111
full_features,lumo,pas_pyrazine_branch_count,0.00047551336982674643,7.069622794347897e-05
full_features,lumo,pas_thiophene_count,0.0005734613874743575,4.670619198520794e-05
full_features,lumo,pas_thiophene_fraction,0.0029210454858456876,0.00013410595584648828
full_features,lumo,pas_thiophene_terminal_count,0.0009024594370421722,6.527052709041906e-05
full_features,lumo,pas_thiophene_middle_count,0.0011751031288372163,7.711382685244908e-05
full_features,lumo,pas_thiophene_branch_count,0.0006179719037713577,7.292905003684918e-05
full_features,lumo,pas_furan_count,0.0006365703136384115,4.803452673600422e-05
full_features,lumo,pas_furan_fraction,0.003518657236436296,0.00018390450373904078
full_features,lumo,pas_furan_terminal_count,0.0008670519435557611,6.811710499318968e-05
full_features,lumo,pas_furan_middle_count,0.0018640533281139157,0.00013033639146493422
full_features,lumo,pas_furan_branch_count,0.0005042991168536487,6.604506747570522e-05
full_features,lumo,pas_borole_count,0.030713703451877458,0.006294534976439683
full_features,lumo,pas_borole_fraction,0.0465719989144733,0.006870320038775755
full_features,lumo,pas_borole_terminal_count,0.0013393324500821054,0.00017482829634914398
full_features,lumo,pas_borole_middle_count,0.0010265442184833973,0.00022274242886359416
full_features,lumo,pas_borole_branch_count,0.0020172618481090125,0.00027823141515421573
full_features,lumo,pas_cyclobutadiene_count,0.005068885501263206,0.0022921820856033354
full_features,lumo,pas_cyclobutadiene_fraction,0.012586346278510433,0.005474107918279247
full_features,lumo,pas_cyclobutadiene_terminal_count,0.001868035400460477,0.00023470837430679352
full_features,lumo,pas_cyclobutadiene_middle_count,0.003714575026966364,0.00030685883642597055
full_features,lumo,pas_cyclobutadiene_branch_count,0.0028129050700523572,0.000465787054237463
full_features,lumo,pas_pyrrole_count,0.003667584811177839,0.00036058205845635534
full_features,lumo,pas_pyrrole_fraction,0.02351977160568164,0.0013125107823273848
full_features,lumo,pas_pyrrole_terminal_count,0.0022723303511289388,0.00026183387218813253
full_features,lumo,pas_pyrrole_middle_count,0.001902004916439809,0.0001949924841470246
full_features,lumo,pas_pyrrole_branch_count,0.000573998705972782,6.1020649174110845e-05
full_features,lumo,pas_dhdiborinine_count,0.031708117981407255,0.008909560469334365
full_features,lumo,pas_dhdiborinine_fraction,0.0722152584213353,0.010829280738016945
full_features,lumo,pas_dhdiborinine_terminal_count,0.0009045035687967503,0.00017932273817503693
full_features,lumo,pas_dhdiborinine_middle_count,0.0005943161307929902,7.910679392906424e-05
full_features,lumo,pas_dhdiborinine_branch_count,0.000555276929706108,8.869507703391006e-05
full_features,lumo,pas_14diborinine_count,0.001248263590694093,0.0002065005908849677
full_features,lumo,pas_14diborinine_fraction,0.01754317632290092,0.0014047750670997834
full_features,lumo,pas_14diborinine_terminal_count,0.0008253488507520739,7.544582600989501e-05
full_features,lumo,pas_14diborinine_middle_count,0.0013842556411750783,0.0001798644867425308
full_features,lumo,pas_14diborinine_branch_count,0.00041718787633169494,5.9694409134906335e-05
full_features,lumo,pas_borinine_count,0.0011483758564384558,6.956118607775846e-05
full_features,lumo,pas_borinine_fraction,0.005526403806816382,0.0002713410257857263
full_features,lumo,pas_borinine_terminal_count,0.0011468903711113405,9.974297774163023e-05
full_features,lumo,pas_borinine_middle_count,0.0019835395731452286,0.00014179553591072043
full_features,lumo,pas_borinine_branch_count,0.0005600813486389124,6.907644339023132e-05
full_features,lumo,paper_lalas_lal_subsequence_count,0.002078338495348371,0.0001282998264524331
full_features,lumo,paper_lalas_l_ratio,0.003030390219859672,0.00023094631418468851
full_features,lumo,paper_lalas_longest_l_degeneracy,0.0023675442642922626,0.00015883692219724612
full_features,lumo,paper_lalas_upper_a_ratio,0.012859887417681655,0.0006438264140631257
full_features,lumo,paper_lalas_a_ratio,0.0033573059902195163,0.0002379842024366251
full_features,lumo,paper_lalas_longest_upper_a,0.0037219939817012136,0.00023415571725603112
full_features,lumo,paper_lalas_longest_lower_a,0.0035796314044662875,0.00018904915995093328
full_features,lumo,paper_lalas_longest_a_case_insensitive,0.003617079762981288,0.00015385447359821656
full_features,gap,pas_total_rings,0.013463568155768076,0.002495754429683402
full_features,gap,pas_total_annulations,0.004550346904716343,0.0002527036819620636
full_features,gap,pas_total_l,0.05441733743972035,0.002078208633800634
full_features,gap,pas_total_a,0.004155993341640264,0.0001655656318012003
full_features,gap,pas_l_fraction,0.004532467415179549,0.00026128989003867145
full_features,gap,pas_a_fraction,0.005222290680747037,0.0003470565405642487
full_features,gap,pas_l_to_a_ratio,0.005727623717100202,0.00047239812776063797
full_features,gap,pas_la_count,0.0015754261103352147,0.00010561143230886872
full_features,gap,pas_al_count,0.0036771647984656557,0.00029039014648956366
full_features,gap,pas_alternation_count,0.005214354452941019,0.0003792076891055646
full_features,gap,pas_alternation_fraction,0.03246166017371698,0.001461559809063415
full_features,gap,pas_branch_count,0.001049997833345227,9.787359811914959e-05
full_features,gap,pas_branch_density,0.0073440536848092385,0.0003590518568209602
full_features,gap,pas_max_branch_depth,0.000675783743258058,0.00010944591351257307
full_features,gap,pas_parenthesis_count,0.0010511155776147868,8.846447884781764e-05
full_features,gap,pas_topology_length,0.008528036669937684,0.0006896556297657911
full_features,gap,pas_donor_ring_count,0.0015273745331460926,0.00011874516946440746
full_features,gap,pas_acceptor_ring_count,0.006484047585827336,0.0013612849964149258
full_features,gap,pas_donor_acceptor_balance,0.005659560908641809,0.0003093965237158427
full_features,gap,pas_donor_acceptor_ratio,0.005016958110388448,0.00040539585971881135
full_features,gap,pas_donor_fraction,0.009339442236339372,0.00047597900677069286
full_features,gap,pas_acceptor_fraction,0.011027064971424673,0.0012878416088920115
full_features,gap,pas_terminal_non_benzene_count,0.002701191415626912,0.00011799260778137462
full_features,gap,pas_middle_non_benzene_count,0.008910369961365181,0.0009062867236906488
full_features,gap,pas_branch_non_benzene_count,0.004875806344709728,0.00022949679145303732
full_features,gap,pas_terminal_heterocycle_count,0.0042084073605520595,0.00018875664254622737
full_features,gap,pas_middle_heterocycle_count,0.005063135724390758,0.00022894794654295132
full_features,gap,pas_branch_heterocycle_count,0.002519296445313254,0.0001231689537969702
full_features,gap,pas_terminal_donor_count,0.0029009569450982914,0.00018934122672166156
full_features,gap,pas_middle_donor_count,0.003615105013830755,0.00021286682246767687
full_features,gap,pas_branch_donor_count,0.001801762994685234,0.00015888744358079004
full_features,gap,pas_terminal_acceptor_count,0.0026576242543492295,0.00023068797625681766
full_features,gap,pas_middle_acceptor_count,0.003289603402233354,0.0003052987744166446
full_features,gap,pas_branch_acceptor_count,0.0018642020587065452,0.0001770009503284108
full_features,gap,heterocycle_fraction,0.006520622419188965,0.00022898126043402277
full_features,gap,heteroatom_density,0.01625615531175219,0.000448205447491823
full_features,gap,aromatic_ring_fraction,0.07909517891282959,0.0030241883143568753
full_features,gap,rings,0.001936196402015643,0.0002553875677634491
full_features,gap,aromatic_rings,0.003011964959941936,0.00016910583663124347
full_features,gap,atoms,0.014377617205520627,0.000671605044998542
full_features,gap,heteroatoms,0.003436986180261661,0.00018312010209425657
full_features,gap,heterocycles,0.002957362351419634,0.00021025845309786034
full_features,gap,branch,0.004638535574153805,0.0003715220328165555
full_features,gap,h,0.008166729249251364,0.00036393013790883506
full_features,gap,c,0.007779737264255141,0.0002776871891984975
full_features,gap,b,0.3216573342030549,0.004535595629345531
full_features,gap,s,0.0010356817989654204,7.64552018998301e-05
full_features,gap,o,0.001011233443167308,6.569054819374516e-05
full_features,gap,n,0.006034218959682231,0.0003479109232129378
full_features,gap,pas_benzene_count,0.0021685197581216113,0.00015533318046337063
full_features,gap,pas_benzene_fraction,0.008360235511030309,0.0003174072214585798
full_features,gap,pas_benzene_terminal_count,0.0027149647724670984,0.00013340859594145632
full_features,gap,pas_benzene_middle_count,0.005913202832586386,0.00034818649486977716
full_features,gap,pas_benzene_branch_count,0.0037934858711564214,0.0002369069662833284
full_features,gap,pas_pyridine_count,0.001039521003508263,8.03258252825516e-05
full_features,gap,pas_pyridine_fraction,0.005671811820268193,0.0006722745830692021
full_features,gap,pas_pyridine_terminal_count,0.0010037894713055683,9.350900208795168e-05
full_features,gap,pas_pyridine_middle_count,0.0016440019972839628,0.00012060974103742098
full_features,gap,pas_pyridine_branch_count,0.0006968294185172118,0.00010927184910566534
full_features,gap,pas_pyrazine_count,0.0058118275343648764,0.0007252744972147658
full_features,gap,pas_pyrazine_fraction,0.009372023682997489,0.0007446874948077446
full_features,gap,pas_pyrazine_terminal_count,0.0008220570518641431,0.00011212970063746365
full_features,gap,pas_pyrazine_middle_count,0.002695350076709291,0.0003650845920267651
full_features,gap,pas_pyrazine_branch_count,0.0006168600196039768,8.056094202396689e-05
full_features,gap,pas_thiophene_count,0.0010367748343176665,7.75183049528469e-05
full_features,gap,pas_thiophene_fraction,0.004892464950304923,0.00024933342352417495
full_features,gap,pas_thiophene_terminal_count,0.0016869814129108942,0.0001273271092200599
full_features,gap,pas_thiophene_middle_count,0.002103187209540501,0.0001453261292792516
full_features,gap,pas_thiophene_branch_count,0.0009854684364194843,9.87823204734945e-05
full_features,gap,pas_furan_count,0.0009864676338054098,7.096570027164121e-05
full_features,gap,pas_furan_fraction,0.006875651371399497,0.0005417490945038609
full_features,gap,pas_furan_terminal_count,0.0017603341859110807,0.00015092232369238185
full_features,gap,pas_furan_middle_count,0.002358404888208771,0.00015363348885326033
full_features,gap,pas_furan_branch_count,0.0009141010911673986,9.700112462085717e-05
full_features,gap,pas_borole_count,0.007572082802984947,0.0014396288251999794
full_features,gap,pas_borole_fraction,0.010463715783873926,0.0011604438636668682
full_features,gap,pas_borole_terminal_count,0.002291734733120691,0.00035480838131279473
full_features,gap,pas_borole_middle_count,0.0015207624367854014,0.00011473135016072731
full_features,gap,pas_borole_branch_count,0.0031605310724964857,0.00031871607732524547
full_features,gap,pas_cyclobutadiene_count,0.012195174059803297,0.001586003629830017
full_features,gap,pas_cyclobutadiene_fraction,0.021555977085297075,0.002140701862888716
full_features,gap,pas_cyclobutadiene_terminal_count,0.0040488559175147435,0.00045925452911253924
full_features,gap,pas_cyclobutadiene_middle_count,0.01216770995067425,0.00221191243529407
full_features,gap,pas_cyclobutadiene_branch_count,0.009197421405946869,0.0009666679101134001
full_features,gap,pas_pyrrole_count,0.0014145354872625207,9.268735283149398e-05
full_features,gap,pas_pyrrole_fraction,0.005596949693798675,0.0002923241584175733
full_features,gap,pas_pyrrole_terminal_count,0.0017028585685315851,0.0001240237743655938
full_features,gap,pas_pyrrole_middle_count,0.0023958961383076776,0.00017231663281773202
full_features,gap,pas_pyrrole_branch_count,0.0013577384352144045,0.0001397732710575729
full_features,gap,pas_dhdiborinine_count,0.0008911892884221269,0.00013787359941455152
full_features,gap,pas_dhdiborinine_fraction,0.006708633189867121,0.0007677427242782018
full_features,gap,pas_dhdiborinine_terminal_count,0.0010156249062318098,0.00010364593163167869
full_features,gap,pas_dhdiborinine_middle_count,0.0021298797868139403,0.0002509324773886261
full_features,gap,pas_dhdiborinine_branch_count,0.001250403488162768,0.0001346056505168136
full_features,gap,pas_14diborinine_count,0.004198122208869979,0.0007777218886016826
full_features,gap,pas_14diborinine_fraction,0.008376822953699493,0.0009341703120994953
full_features,gap,pas_14diborinine_terminal_count,0.0011656112170167487,0.00012973172163106866
full_features,gap,pas_14diborinine_middle_count,0.006503180522958326,0.0012838449707606192
full_features,gap,pas_14diborinine_branch_count,0.0013379222848212621,0.00018977620906105732
full_features,gap,pas_borinine_count,0.0025060989886138635,0.00030997894362753557
full_features,gap,pas_borinine_fraction,0.009562971302681087,0.0007417843596350185
full_features,gap,pas_borinine_terminal_count,0.0022312982778492736,0.00020233378708912162
full_features,gap,pas_borinine_middle_count,0.0034128339730169614,0.0003031466821251744
full_features,gap,pas_borinine_branch_count,0.0010914943560888365,0.00015655837728244598
full_features,gap,paper_lalas_lal_subsequence_count,0.004451926536443489,0.0003077503831555094
full_features,gap,paper_lalas_l_ratio,0.004600310030336802,0.00025561549247449787
full_features,gap,paper_lalas_longest_l_degeneracy,0.007920393666010946,0.00092218132299668
full_features,gap,paper_lalas_upper_a_ratio,0.018318170678313244,0.0006480830725932165
full_features,gap,paper_lalas_a_ratio,0.005260969160345582,0.0002926682392228883
full_features,gap,paper_lalas_longest_upper_a,0.007561878108121043,0.0004221171484178916
full_features,gap,paper_lalas_longest_lower_a,0.006215224784868815,0.00026624552346476976
full_features,gap,paper_lalas_longest_a_case_insensitive,0.00569809468167837,0.000283918247002104
full_features,aip,pas_total_rings,0.0014402146560797342,0.00010544285043335564
full_features,aip,pas_total_annulations,0.004389819447412669,0.00034660512555866665
full_features,aip,pas_total_l,0.005585204589992593,0.0003870503531209555
full_features,aip,pas_total_a,0.002688129578074062,0.0001482255654047347
full_features,aip,pas_l_fraction,0.0028976800345152497,0.0001332345578637114
full_features,aip,pas_a_fraction,0.0032469590882389016,0.00021740796329620973
full_features,aip,pas_l_to_a_ratio,0.0030016076893777995,0.0001677742448269563
full_features,aip,pas_la_count,0.0008724405397309189,8.603469605339644e-05
full_features,aip,pas_al_count,0.0012484575769280788,8.850663780004877e-05
full_features,aip,pas_alternation_count,0.002109112179408568,0.00015117250554103228
full_features,aip,pas_alternation_fraction,0.010092047943629471,0.00036922513810495644
full_features,aip,pas_branch_count,0.0007066671593156321,0.00012613381782713892
full_features,aip,pas_branch_density,0.004605095935051869,0.00029829612213540913
full_features,aip,pas_max_branch_depth,0.0003011231848278003,3.722728571150345e-05
full_features,aip,pas_parenthesis_count,0.00071939492121725,0.00013707414912164222
full_features,aip,pas_topology_length,0.004844290482999015,0.0003688217387226853
full_features,aip,pas_donor_ring_count,0.001014752667482805,0.00010588180964238307
full_features,aip,pas_acceptor_ring_count,0.0011768344182954736,0.0001131224757814313
full_features,aip,pas_donor_acceptor_balance,0.0036732853363443067,0.0003436515321706637
full_features,aip,pas_donor_acceptor_ratio,0.0054449315374607435,0.0006222494572506359
full_features,aip,pas_donor_fraction,0.005390153413406258,0.0004810990788836394
full_features,aip,pas_acceptor_fraction,0.00826468083260946,0.0006449044060201
full_features,aip,pas_terminal_non_benzene_count,0.0015720963342239227,5.993229180569278e-05
full_features,aip,pas_middle_non_benzene_count,0.004549757047984139,0.00022683982306073006
full_features,aip,pas_branch_non_benzene_count,0.0040510112831366775,0.0003805166336016277
full_features,aip,pas_terminal_heterocycle_count,0.002772060351970249,0.00014203353762899255
full_features,aip,pas_middle_heterocycle_count,0.003390527391311046,0.00018755466103002237
full_features,aip,pas_branch_heterocycle_count,0.0016808924827622672,0.0001417708036670645
full_features,aip,pas_terminal_donor_count,0.0030010159907906263,0.0002245093627406664
full_features,aip,pas_middle_donor_count,0.001793665913852113,0.00011579605734328084
full_features,aip,pas_branch_donor_count,0.0009430356164104384,7.732098151582621e-05
full_features,aip,pas_terminal_acceptor_count,0.0013250630442532135,0.00012923166054437478
full_features,aip,pas_middle_acceptor_count,0.0026559406495776485,0.000288045620101185
full_features,aip,pas_branch_acceptor_count,0.0008566127056171426,7.371519091113253e-05
full_features,aip,heterocycle_fraction,0.00466412935506767,0.0003056174035311222
full_features,aip,heteroatom_density,0.015586874030594706,0.0008719880775397455
full_features,aip,aromatic_ring_fraction,0.007530546713369277,0.0007457335453343479
full_features,aip,rings,0.07472395046832542,0.002688335169237681
full_features,aip,aromatic_rings,0.023466715495377898,0.001572090499824135
full_features,aip,atoms,0.0087694520699896,0.0005664807238355623
full_features,aip,heteroatoms,0.0019263688193016874,9.941437940107102e-05
full_features,aip,heterocycles,0.0012665580046673961,8.445394378272959e-05
full_features,aip,branch,0.0030874476726301015,0.00032746001978093493
full_features,aip,h,0.004642924647647186,0.00018737250665518547
full_features,aip,c,0.014769480065081587,0.0011119724071794776
full_features,aip,b,0.003024980900802071,0.00015395886302612254
full_features,aip,s,0.0009148062972214278,8.526789669072842e-05
full_features,aip,o,0.0006483698617504948,5.765476631731972e-05
full_features,aip,n,0.0037519464047837308,0.0002531890936919271
full_features,aip,pas_benzene_count,0.0016982263175616171,0.0001781532209140354
full_features,aip,pas_benzene_fraction,0.004716222675414815,0.0002769303352314739
full_features,aip,pas_benzene_terminal_count,0.0016414143157870958,7.567710243589749e-05
full_features,aip,pas_benzene_middle_count,0.004811724467699888,0.0003858262509893363
full_features,aip,pas_benzene_branch_count,0.0021793608235560593,0.00014087939999308534
full_features,aip,pas_pyridine_count,0.0009135379024966706,8.499920256529717e-05
full_features,aip,pas_pyridine_fraction,0.0037364838328092886,0.00023528811817458898
full_features,aip,pas_pyridine_terminal_count,0.0006419839640162593,6.924364648802621e-05
full_features,aip,pas_pyridine_middle_count,0.0012972745270243913,8.240341007140033e-05
full_features,aip,pas_pyridine_branch_count,0.00038209769833116733,6.298499599187837e-05
full_features,aip,pas_pyrazine_count,0.00047407612791081945,5.778525198638163e-05
full_features,aip,pas_pyrazine_fraction,0.003928630146364194,0.0004249164798432099
full_features,aip,pas_pyrazine_terminal_count,0.0003772497292878279,5.470620142664744e-05
full_features,aip,pas_pyrazine_middle_count,0.0008733635163909611,0.00010300163998309938
full_features,aip,pas_pyrazine_branch_count,0.00032419394138155297,5.2413184128230025e-05
full_features,aip,pas_thiophene_count,0.0008940017258544445,9.802231128216865e-05
full_features,aip,pas_thiophene_fraction,0.004875648438568227,0.0004229104825514626
full_features,aip,pas_thiophene_terminal_count,0.0014178236505399198,0.00011122355442770183
full_features,aip,pas_thiophene_middle_count,0.0014094294280989263,0.0001552746184544492
full_features,aip,pas_thiophene_branch_count,0.0007072140293181641,0.00012990022417394225
full_features,aip,pas_furan_count,0.0006622992923465669,6.497025570373118e-05
full_features,aip,pas_furan_fraction,0.0028906519288807546,0.00020341318213776846
full_features,aip,pas_furan_terminal_count,0.0010608177068452216,0.00020117350819601876
full_features,aip,pas_furan_middle_count,0.0018533849759352378,0.00015953241596860192
full_features,aip,pas_furan_branch_count,0.00044797273713033777,5.389678458829445e-05
full_features,aip,pas_borole_count,0.0007243424287953224,5.418349909964813e-05
full_features,aip,pas_borole_fraction,0.002706550900352099,0.00013703576434436087
full_features,aip,pas_borole_terminal_count,0.0007405263493589927,3.948921571781234e-05
full_features,aip,pas_borole_middle_count,0.001216354213449949,9.797869505581065e-05
full_features,aip,pas_borole_branch_count,0.000717936292546249,0.00010242331420690598
full_features,aip,pas_cyclobutadiene_count,0.00532426083564666,0.0008355927069871962
full_features,aip,pas_cyclobutadiene_fraction,0.03434963285730443,0.0013519947451441393
full_features,aip,pas_cyclobutadiene_terminal_count,0.0025063474545661824,0.00031176652900508675
full_features,aip,pas_cyclobutadiene_middle_count,0.002129144781815725,0.00024994248888558134
full_features,aip,pas_cyclobutadiene_branch_count,0.00870351115036492,0.001048478315155772
full_features,aip,pas_pyrrole_count,0.007010783504959247,0.001266855306450629
full_features,aip,pas_pyrrole_fraction,0.05302230951119884,0.0021551022042338446
full_features,aip,pas_pyrrole_terminal_count,0.0012970394853564148,0.00019154177147106952
full_features,aip,pas_pyrrole_middle_count,0.0011191705290892013,0.0001783229035100747
full_features,aip,pas_pyrrole_branch_count,0.0004892207372907559,7.898975229098824e-05
full_features,aip,pas_dhdiborinine_count,0.0006537961916726567,9.94475038263379e-05
full_features,aip,pas_dhdiborinine_fraction,0.0062735661206690975,0.0006571370465335207
full_features,aip,pas_dhdiborinine_terminal_count,0.0010150231192881634,0.00017450238669267
full_features,aip,pas_dhdiborinine_middle_count,0.0009444925708492149,0.00011605172296476897
full_features,aip,pas_dhdiborinine_branch_count,0.000378907354267519,8.071214079514968e-05
full_features,aip,pas_14diborinine_count,0.21445324403659188,0.030132491639751433
full_features,aip,pas_14diborinine_fraction,0.24334029876281071,0.03157132832918154
full_features,aip,pas_14diborinine_terminal_count,0.0005771232296807089,9.02490071811155e-05
full_features,aip,pas_14diborinine_middle_count,0.0006319405088778865,8.80481265149285e-05
full_features,aip,pas_14diborinine_branch_count,0.0012897272552255604,0.0002244458448633129
full_features,aip,pas_borinine_count,0.0075480967157972945,0.0014502322150558682
full_features,aip,pas_borinine_fraction,0.04025456421694098,0.003719810491437087
full_features,aip,pas_borinine_terminal_count,0.0010364284138485904,0.0001709596943407299
full_features,aip,pas_borinine_middle_count,0.012856357549993855,0.0034020797605073413
full_features,aip,pas_borinine_branch_count,0.00043247424676186975,5.1931402019047285e-05
full_features,aip,paper_lalas_lal_subsequence_count,0.0016291742728525222,9.775543413843347e-05
full_features,aip,paper_lalas_l_ratio,0.002946180497342468,0.00013554682071855454
full_features,aip,paper_lalas_longest_l_degeneracy,0.0019497800421847033,0.0001312386754695525
full_features,aip,paper_lalas_upper_a_ratio,0.01068115440768079,0.0004425122353869064
full_features,aip,paper_lalas_a_ratio,0.0032555037840691003,0.00013968575675963986
full_features,aip,paper_lalas_longest_upper_a,0.0032651492944608985,0.00019723652263026168
full_features,aip,paper_lalas_longest_lower_a,0.003582956487875752,0.0001504837280167019
full_features,aip,paper_lalas_longest_a_case_insensitive,0.003652733157714047,0.00017564302918133734
full_features,aea,pas_total_rings,0.011636469937861658,0.003979002280554321
full_features,aea,pas_total_annulations,0.009086400876956242,0.0012056547684996513
full_features,aea,pas_total_l,0.009199820624869744,0.000813073377413666
full_features,aea,pas_total_a,0.0025574496993958124,0.0001552613659128213
full_features,aea,pas_l_fraction,0.0029326796867158696,0.00022554494744883913
full_features,aea,pas_a_fraction,0.00324951339913385,0.000225708548187435
full_features,aea,pas_l_to_a_ratio,0.0029985992777782893,0.00018338616007313328
full_features,aea,pas_la_count,0.0009785167806662014,7.903691720506784e-05
full_features,aea,pas_al_count,0.00122043972199443,7.341864235129379e-05
full_features,aea,pas_alternation_count,0.002148555554833789,0.00011270790166293552
full_features,aea,pas_alternation_fraction,0.009681678879341522,0.00032113980319719345
full_features,aea,pas_branch_count,0.0006236768024196213,7.584642755405076e-05
full_features,aea,pas_branch_density,0.004794454640357547,0.0003352361506264848
full_features,aea,pas_max_branch_depth,0.0003593525877768436,6.47319589831473e-05
full_features,aea,pas_parenthesis_count,0.0006199476153953754,5.487908150429225e-05
full_features,aea,pas_topology_length,0.006170580949750996,0.0006368446999663191
full_features,aea,pas_donor_ring_count,0.0007125818812089698,0.00013843698253708625
full_features,aea,pas_acceptor_ring_count,0.09131074920582732,0.025089804768001312
full_features,aea,pas_donor_acceptor_balance,0.10168178226053881,0.02220282935128635
full_features,aea,pas_donor_acceptor_ratio,0.02943288675972879,0.005495715248700638
full_features,aea,pas_donor_fraction,0.009246933986681997,0.0009193613077593413
full_features,aea,pas_acceptor_fraction,0.017027749869938987,0.003093057346739804
full_features,aea,pas_terminal_non_benzene_count,0.001742981569719203,8.639503807471823e-05
full_features,aea,pas_middle_non_benzene_count,0.004800948123753189,0.0004880214055952751
full_features,aea,pas_branch_non_benzene_count,0.0032113313271669645,0.00021691583505174523
full_features,aea,pas_terminal_heterocycle_count,0.0031240495967193808,0.0002493588019109754
full_features,aea,pas_middle_heterocycle_count,0.003407918807439324,0.00021412355573319076
full_features,aea,pas_branch_heterocycle_count,0.0019079696087480156,0.00016652434247539335
full_features,aea,pas_terminal_donor_count,0.001903436511885051,0.00021171756692833137
full_features,aea,pas_middle_donor_count,0.0020801294764895527,0.00019348036668987285
full_features,aea,pas_branch_donor_count,0.001116971410216575,9.424691956155894e-05
full_features,aea,pas_terminal_acceptor_count,0.0013997993340809397,0.0002238904585793002
full_features,aea,pas_middle_acceptor_count,0.002641263715529319,0.0004244373792880905
full_features,aea,pas_branch_acceptor_count,0.0008190505247378318,7.056485304507448e-05
full_features,aea,heterocycle_fraction,0.01222778409000803,0.0017701564177212534
full_features,aea,heteroatom_density,0.012810207256540673,0.0008850985897551093
full_features,aea,aromatic_ring_fraction,0.04341066049877955,0.013122799410940696
full_features,aea,rings,0.04446708094972395,0.00981361203209894
full_features,aea,aromatic_rings,0.0017825173074751896,0.00012743238132464061
full_features,aea,atoms,0.013294920095836122,0.0020434782881861104
full_features,aea,heteroatoms,0.0025611194487228654,0.0002885700856819453
full_features,aea,heterocycles,0.0018956221506261888,0.0002996965022265981
full_features,aea,branch,0.004103755888924142,0.00041931962302172175
full_features,aea,h,0.0050106535447272706,0.0003214542348955339
full_features,aea,c,0.02803875126554992,0.0075819981803219895
full_features,aea,b,0.008859944901886092,0.0008696270963521047
full_features,aea,s,0.0006859129767369981,9.131081018352845e-05
full_features,aea,o,0.0006683087047966946,8.241250336950012e-05
full_features,aea,n,0.00495510818496625,0.0006637340127918712
full_features,aea,pas_benzene_count,0.00349316226081468,0.0006317964172887071
full_features,aea,pas_benzene_fraction,0.006683418376307232,0.0003796017226280663
full_features,aea,pas_benzene_terminal_count,0.0018694810541885836,0.00012036553177026041
full_features,aea,pas_benzene_middle_count,0.004554721542820366,0.00023741002747369687
full_features,aea,pas_benzene_branch_count,0.0024319866386139587,0.00018894277709479546
full_features,aea,pas_pyridine_count,0.0015013823797412,0.00026084924067540084
full_features,aea,pas_pyridine_fraction,0.014472608755505479,0.001879541216974041
full_features,aea,pas_pyridine_terminal_count,0.0012081489269835837,0.0002547084756634074
full_features,aea,pas_pyridine_middle_count,0.0013437685059814748,0.00013941199985455975
full_features,aea,pas_pyridine_branch_count,0.0005393643298572424,9.126501972896819e-05
full_features,aea,pas_pyrazine_count,0.0017376574393227929,0.0003496301610380638
full_features,aea,pas_pyrazine_fraction,0.0062879705240778405,0.0005684585663753071
full_features,aea,pas_pyrazine_terminal_count,0.0005849646668639185,8.966673768523785e-05
full_features,aea,pas_pyrazine_middle_count,0.001812650212565531,0.00018486907796787887
full_features,aea,pas_pyrazine_branch_count,0.0006904842711095585,0.00014770589101527633
full_features,aea,pas_thiophene_count,0.0006927025316713299,0.00010895883363531635
full_features,aea,pas_thiophene_fraction,0.0028641275908207627,0.00016428432408516403
full_features,aea,pas_thiophene_terminal_count,0.0011750234772031857,0.00017552741841767754
full_features,aea,pas_thiophene_middle_count,0.001384476125188818,0.0001148555664362771
full_features,aea,pas_thiophene_branch_count,0.000853615429995278,0.00015941893336830356
full_features,aea,pas_furan_count,0.0006563811965494925,7.646644236900977e-05
full_features,aea,pas_furan_fraction,0.00281031082861432,0.0001432976682082351
full_features,aea,pas_furan_terminal_count,0.0009887814819000316,0.00011803139731289323
full_features,aea,pas_furan_middle_count,0.0016963619201610586,0.00015079877954080664
full_features,aea,pas_furan_branch_count,0.0007771329042769141,9.814760724000358e-05
full_features,aea,pas_borole_count,0.006852161914295253,0.0014150535543339569
full_features,aea,pas_borole_fraction,0.015064091414220288,0.0017946861774424247
full_features,aea,pas_borole_terminal_count,0.0012587348048188807,0.0001749379119361923
full_features,aea,pas_borole_middle_count,0.000766252370237487,9.327935514112271e-05
full_features,aea,pas_borole_branch_count,0.0010547158949633486,0.00019849376800185487
full_features,aea,pas_cyclobutadiene_count,0.0015270248260859575,0.0001619637862676837
full_features,aea,pas_cyclobutadiene_fraction,0.005230912297063742,0.0004721632055061824
full_features,aea,pas_cyclobutadiene_terminal_count,0.0022814449456183493,0.00026738180933865265
full_features,aea,pas_cyclobutadiene_middle_count,0.0030186415588174683,0.00020884019775984543
full_features,aea,pas_cyclobutadiene_branch_count,0.004609233651617396,0.0005841907136785744
full_features,aea,pas_pyrrole_count,0.0025401338813111087,0.00033328951625724443
full_features,aea,pas_pyrrole_fraction,0.02957987632542022,0.0033222963374783692
full_features,aea,pas_pyrrole_terminal_count,0.0016931964414519949,0.00017353885447247817
full_features,aea,pas_pyrrole_middle_count,0.0015743828254963824,0.0001445919623822553
full_features,aea,pas_pyrrole_branch_count,0.0005489119774598985,6.123120496572874e-05
full_features,aea,pas_dhdiborinine_count,0.1383245561369825,0.009867190025543156
full_features,aea,pas_dhdiborinine_fraction,0.11667363373107886,0.007718565851544451
full_features,aea,pas_dhdiborinine_terminal_count,0.00035626486454891983,6.0376787754032245e-05
full_features,aea,pas_dhdiborinine_middle_count,0.0003517819264797845,6.238977556943019e-05
full_features,aea,pas_dhdiborinine_branch_count,0.0006598112177472092,9.27275622203359e-05
full_features,aea,pas_14diborinine_count,0.0014018198580805488,0.0002248938228574927
full_features,aea,pas_14diborinine_fraction,0.013481892634584006,0.0011182522876291296
full_features,aea,pas_14diborinine_terminal_count,0.0011615593454617288,0.0001245768349785689
full_features,aea,pas_14diborinine_middle_count,0.0030390655077215337,0.0003570046874723426
full_features,aea,pas_14diborinine_branch_count,0.0020708834332340575,0.00033969591689759696
full_features,aea,pas_borinine_count,0.0015778925070096786,0.00026926463181282066
full_features,aea,pas_borinine_fraction,0.005923152008466088,0.0004413335957986808
full_features,aea,pas_borinine_terminal_count,0.0019200993710363934,0.00038834351799000785
full_features,aea,pas_borinine_middle_count,0.003670912727728685,0.0007455749841969371
full_features,aea,pas_borinine_branch_count,0.0016611099117032112,0.00031231314886398
full_features,aea,paper_lalas_lal_subsequence_count,0.0018176577047658918,0.0001193213833775012
full_features,aea,paper_lalas_l_ratio,0.0029449036833294135,0.0002774185294882124
full_features,aea,paper_lalas_longest_l_degeneracy,0.0019904521925547475,0.000166824190299365
full_features,aea,paper_lalas_upper_a_ratio,0.013100368931583013,0.0004830161485428401
full_features,aea,paper_lalas_a_ratio,0.003307345944175002,0.00015422654414782184
full_features,aea,paper_lalas_longest_upper_a,0.004900967835803384,0.0004472439597722487
full_features,aea,paper_lalas_longest_lower_a,0.004230620632236681,0.00033220414210011304
full_features,aea,paper_lalas_longest_a_case_insensitive,0.0041238311227183265,0.00016097416373958925
full_features,energy,pas_total_rings,0.00016294885759673419,4.5927825520285955e-05
full_features,energy,pas_total_annulations,5.1124070679589406e-05,2.123772319585375e-05
full_features,energy,pas_total_l,2.5226831834534602e-05,2.20770385605098e-06
full_features,energy,pas_total_a,3.958793149739661e-05,3.7246602083608942e-06
full_features,energy,pas_l_fraction,3.567509559289046e-05,2.9952266165877427e-06
full_features,energy,pas_a_fraction,3.922183762334262e-05,2.940300055199062e-06
full_features,energy,pas_l_to_a_ratio,3.705085737635497e-05,3.055383097674049e-06
full_features,energy,pas_la_count,1.983964916865678e-05,2.7638195229810064e-06
full_features,energy,pas_al_count,2.1731732494786478e-05,2.3699041046452367e-06
full_features,energy,pas_alternation_count,4.097978621678752e-05,4.3828932086594794e-06
full_features,energy,pas_alternation_fraction,0.00012934399612432888,1.0351912359782128e-05
full_features,energy,pas_branch_count,1.051825580445472e-05,1.0341322840612682e-06
full_features,energy,pas_branch_density,5.678111028185657e-05,4.453806584810365e-06
full_features,energy,pas_max_branch_depth,7.07359305336967e-06,1.1221468595836521e-06
full_features,energy,pas_parenthesis_count,1.0700219945635543e-05,1.406804679572368e-06
full_features,energy,pas_topology_length,0.0004400265773568305,0.0002734015201093212
full_features,energy,pas_donor_ring_count,0.00022927259566344837,3.510685295603792e-05
full_features,energy,pas_acceptor_ring_count,0.0001511012780302226,2.4296308005167797e-05
full_features,energy,pas_donor_acceptor_balance,0.0019519833963422312,0.00012364088237152063
full_features,energy,pas_donor_acceptor_ratio,0.0032249343613222226,0.0003047042351684146
full_features,energy,pas_donor_fraction,0.002151093960369966,0.00022062630157549182
full_features,energy,pas_acceptor_fraction,0.0009280353315079323,0.00010095969529144126
full_features,energy,pas_terminal_non_benzene_count,3.454309335241301e-05,3.6229221839238586e-06
full_features,energy,pas_middle_non_benzene_count,0.00011084474788633695,1.0055175005500552e-05
full_features,energy,pas_branch_non_benzene_count,5.2348059640851205e-05,4.5153678042940616e-06
full_features,energy,pas_terminal_heterocycle_count,6.777919465178056e-05,6.0877860908730865e-06
full_features,energy,pas_middle_heterocycle_count,0.00010875740296401861,1.5194208939327197e-05
full_features,energy,pas_branch_heterocycle_count,3.233757902923876e-05,2.3084896315718614e-06
full_features,energy,pas_terminal_donor_count,4.616904147312227e-05,4.244480706927948e-06
full_features,energy,pas_middle_donor_count,0.00011725772085285158,9.85284516800112e-06
full_features,energy,pas_branch_donor_count,2.036877582063857e-05,1.847493054684803e-06
full_features,energy,pas_terminal_acceptor_count,4.051098799154481e-05,3.8636341784104525e-06
full_features,energy,pas_middle_acceptor_count,0.00014919024008549616,1.9969168061191572e-05
full_features,energy,pas_branch_acceptor_count,2.0922873092017037e-05,2.51436680151661e-06
full_features,energy,heterocycle_fraction,0.00010602731447308609,1.577915426891515e-05
full_features,energy,heteroatom_density,0.0007637016693596056,5.843822256939408e-05
full_features,energy,aromatic_ring_fraction,0.0025316300252384333,0.0006359659559423445
full_features,energy,rings,0.667910968784635,0.0923495414928914
full_features,energy,aromatic_rings,0.004759815502456609,0.0013424151233895325
full_features,energy,atoms,0.22498051829793606,0.09455939343439589
full_features,energy,heteroatoms,9.984459339977977e-05,1.0158852864923132e-05
full_features,energy,heterocycles,0.00010683644728711367,1.2937081052884324e-05
full_features,energy,branch,3.3251761369691174e-05,4.7885687433003486e-06
full_features,energy,h,0.0002159865669281949,3.5754108691895115e-05
full_features,energy,c,0.003293771280053891,0.00048135343843370027
full_features,energy,b,0.018280449380698467,0.0012924867847205733
full_features,energy,s,6.5431116871005e-05,6.789969532217336e-06
full_features,energy,o,0.00015254243183252206,1.7259136421169133e-05
full_features,energy,n,0.0009002992691830611,0.0001241970851923834
full_features,energy,pas_benzene_count,9.950524956832055e-05,1.2506936804890318e-05
full_features,energy,pas_benzene_fraction,0.00026154126647615875,2.771729675398078e-05
full_features,energy,pas_benzene_terminal_count,3.543797495661897e-05,2.9476535994520624e-06
full_features,energy,pas_benzene_middle_count,9.777391682209287e-05,9.800189810087521e-06
full_features,energy,pas_benzene_branch_count,2.9873923715929518e-05,2.395418912040266e-06
full_features,energy,pas_pyridine_count,0.00010122247440281974,1.4624893412766904e-05
full_features,energy,pas_pyridine_fraction,0.00020983177727662265,2.8570986951838356e-05
full_features,energy,pas_pyridine_terminal_count,2.4875655815379455e-05,4.205542269810909e-06
full_features,energy,pas_pyridine_middle_count,7.112611067176133e-05,8.220949431100117e-06
full_features,energy,pas_pyridine_branch_count,5.830337760338349e-06,1.522879680773827e-06
full_features,energy,pas_pyrazine_count,0.000299883924393247,4.897392203184929e-05
full_features,energy,pas_pyrazine_fraction,0.0016903752006864664,0.0003010513325031456
full_features,energy,pas_pyrazine_terminal_count,1.7398300154595896e-05,3.5519486156978384e-06
full_features,energy,pas_pyrazine_middle_count,0.00016896940305353853,3.117367390848522e-05
full_features,energy,pas_pyrazine_branch_count,8.485344741893877e-06,2.6870986248414613e-06
full_features,energy,pas_thiophene_count,6.384307817012099e-05,6.48301169240935e-06
full_features,energy,pas_thiophene_fraction,0.00023889445813021797,1.627198300265301e-05
full_features,energy,pas_thiophene_terminal_count,2.607001182260223e-05,3.280215912357676e-06
full_features,energy,pas_thiophene_middle_count,7.373583692030977e-05,8.824888147260806e-06
full_features,energy,pas_thiophene_branch_count,8.844858619303153e-06,1.8369578123481579e-06
full_features,energy,pas_furan_count,0.00015315769522498832,1.5150092792376294e-05
full_features,energy,pas_furan_fraction,0.00041413909305134305,5.66237290815345e-05
full_features,energy,pas_furan_terminal_count,4.688069182942863e-05,4.206441924614972e-06
full_features,energy,pas_furan_middle_count,0.00011299886841368317,1.2506195321296497e-05
full_features,energy,pas_furan_branch_count,1.819216081334813e-05,2.534064940389509e-06
full_features,energy,pas_borole_count,0.002918092261688606,0.00036996767808436217
full_features,energy,pas_borole_fraction,0.007401836634967939,0.0005449293444132444
full_features,energy,pas_borole_terminal_count,5.694581253309832e-05,1.0633839593919844e-05
full_features,energy,pas_borole_middle_count,0.00023067827801638292,4.5986108317768834e-05
full_features,energy,pas_borole_branch_count,1.2372712551425105e-05,2.532296722047516e-06
full_features,energy,pas_cyclobutadiene_count,0.019872134305073452,0.0022846229018086317
full_features,energy,pas_cyclobutadiene_fraction,0.0264099085417726,0.0019648669035102983
full_features,energy,pas_cyclobutadiene_terminal_count,3.8519530935737434e-05,9.432544637814844e-06
full_features,energy,pas_cyclobutadiene_middle_count,9.132398727939389e-05,2.1991119826630155e-05
full_features,energy,pas_cyclobutadiene_branch_count,1.4585317095951064e-05,2.918428942359575e-06
full_features,energy,pas_pyrrole_count,8.716082540566225e-05,7.689750315087017e-06
full_features,energy,pas_pyrrole_fraction,0.0002505345707178434,2.219359120620291e-05
full_features,energy,pas_pyrrole_terminal_count,2.750055410113352e-05,2.992414131198394e-06
full_features,energy,pas_pyrrole_middle_count,6.0847049363758146e-05,6.260374716714085e-06
full_features,energy,pas_pyrrole_branch_count,8.446663660905477e-06,1.6003676427776193e-06
full_features,energy,pas_dhdiborinine_count,5.3147136575045975e-05,1.2414922270952168e-05
full_features,energy,pas_dhdiborinine_fraction,0.0001612306776177581,3.225492552771182e-05
full_features,energy,pas_dhdiborinine_terminal_count,1.0192555088582385e-05,2.3129388100697666e-06
full_features,energy,pas_dhdiborinine_middle_count,4.477824064423969e-05,6.123772009028792e-06
full_features,energy,pas_dhdiborinine_branch_count,7.139291933339885e-06,1.0280713414424323e-06
full_features,energy,pas_14diborinine_count,0.0001838224535036518,2.161766154226251e-05
full_features,energy,pas_14diborinine_fraction,0.001988728364564981,0.0002993804914786472
full_features,energy,pas_14diborinine_terminal_count,1.4769185705140503e-05,2.288160525415802e-06
full_features,energy,pas_14diborinine_middle_count,0.0001246231662872938,1.6053100626090434e-05
full_features,energy,pas_14diborinine_branch_count,1.2211448638978582e-05,3.999389497492333e-06
full_features,energy,pas_borinine_count,8.207347570072921e-05,7.3781792252499055e-06
full_features,energy,pas_borinine_fraction,0.0002093011641089747,2.6215625651803236e-05
full_features,energy,pas_borinine_terminal_count,1.9449065543342746e-05,2.5214483348113605e-06
full_features,energy,pas_borinine_middle_count,6.746419600525859e-05,7.857920515257971e-06
full_features,energy,pas_borinine_branch_count,6.263220772722671e-06,1.3495839657722485e-06
full_features,energy,paper_lalas_lal_subsequence_count,3.341435862765924e-05,3.0116285579068375e-06
full_features,energy,paper_lalas_l_ratio,3.576022550581972e-05,2.8838579755004387e-06
full_features,energy,paper_lalas_longest_l_degeneracy,4.122281205490021e-05,3.724031073435212e-06
full_features,energy,paper_lalas_upper_a_ratio,0.0001457009275593209,1.0945354814948389e-05
full_features,energy,paper_lalas_a_ratio,3.8877970625438084e-05,3.515722658333399e-06
full_features,energy,paper_lalas_longest_upper_a,5.31177483071734e-05,3.446854716322499e-06
full_features,energy,paper_lalas_longest_lower_a,7.051270153531479e-05,5.786659345727651e-06
full_features,energy,paper_lalas_longest_a_case_insensitive,7.006946999304753e-05,5.899131820816482e-06
hidden_rings,homo,pas_total_rings,0.026793635730319648,0.0016209977992418469
hidden_rings,homo,pas_total_annulations,0.013647090659440149,0.0005092828396669084
hidden_rings,homo,pas_total_l,0.014168202019878819,0.0008294016437658382
hidden_rings,homo,pas_total_a,0.01546037890781591,0.0005741965481686285
hidden_rings,homo,pas_l_fraction,0.013233590161777277,0.0004664278440773617
hidden_rings,homo,pas_a_fraction,0.014598053247240847,0.0003843741601411765
hidden_rings,homo,pas_l_to_a_ratio,0.013609284788339275,0.00045568804435353744
hidden_rings,homo,pas_la_count,0.006238248417372177,0.00021285390439432813
hidden_rings,homo,pas_al_count,0.008287065287387816,0.00034773073719957675
hidden_rings,homo,pas_alternation_count,0.01429705130910615,0.0003412447236405797
hidden_rings,homo,pas_alternation_fraction,0.05515852913123169,0.0010189677717186783
hidden_rings,homo,pas_branch_count,0.0033707044673191512,0.00019555013035237905
hidden_rings,homo,pas_branch_density,0.023258956255739354,0.0011702887340032005
hidden_rings,homo,pas_max_branch_depth,0.002196446604876834,0.00016388734860970375
hidden_rings,homo,pas_parenthesis_count,0.003327003550105421,0.00015095433162055412
hidden_rings,homo,pas_topology_length,0.023188398412643803,0.0009346245593094206
hidden_rings,homo,pas_donor_ring_count,0.0,0.0
hidden_rings,homo,pas_acceptor_ring_count,0.0,0.0
hidden_rings,homo,pas_donor_acceptor_balance,0.0,0.0
hidden_rings,homo,pas_donor_acceptor_ratio,0.0,0.0
hidden_rings,homo,pas_donor_fraction,0.0,0.0
hidden_rings,homo,pas_acceptor_fraction,0.0,0.0
hidden_rings,homo,pas_terminal_non_benzene_count,0.0,0.0
hidden_rings,homo,pas_middle_non_benzene_count,0.0,0.0
hidden_rings,homo,pas_branch_non_benzene_count,0.0,0.0
hidden_rings,homo,pas_terminal_heterocycle_count,0.0,0.0
hidden_rings,homo,pas_middle_heterocycle_count,0.0,0.0
hidden_rings,homo,pas_branch_heterocycle_count,0.0,0.0
hidden_rings,homo,pas_terminal_donor_count,0.0,0.0
hidden_rings,homo,pas_middle_donor_count,0.0,0.0
hidden_rings,homo,pas_branch_donor_count,0.0,0.0
hidden_rings,homo,pas_terminal_acceptor_count,0.0,0.0
hidden_rings,homo,pas_middle_acceptor_count,0.0,0.0
hidden_rings,homo,pas_branch_acceptor_count,0.0,0.0
hidden_rings,homo,heterocycle_fraction,0.0,0.0
hidden_rings,homo,heteroatom_density,0.0,0.0
hidden_rings,homo,aromatic_ring_fraction,0.0,0.0
hidden_rings,homo,rings,0.02725588222940607,0.002009103018979243
hidden_rings,homo,aromatic_rings,0.02764383439107868,0.002044123295757438
hidden_rings,homo,atoms,0.10745157223102624,0.001661626322992189
hidden_rings,homo,heteroatoms,0.0,0.0
hidden_rings,homo,heterocycles,0.0,0.0
hidden_rings,homo,branch,0.02242531521739112,0.0006452674953592238
hidden_rings,homo,h,0.14133198400393301,0.0023120717559759305
hidden_rings,homo,c,0.11686443140305273,0.0019482762100870763
hidden_rings,homo,b,0.0,0.0
hidden_rings,homo,s,0.0,0.0
hidden_rings,homo,o,0.0,0.0
hidden_rings,homo,n,0.0,0.0
hidden_rings,homo,pas_benzene_count,0.02636433716450562,0.0019345504436422262
hidden_rings,homo,pas_benzene_fraction,0.0,0.0
hidden_rings,homo,pas_benzene_terminal_count,0.0,0.0
hidden_rings,homo,pas_benzene_middle_count,0.02602938909187293,0.0023166528463564894
hidden_rings,homo,pas_benzene_branch_count,0.027771644654954047,0.0006011499289816419
hidden_rings,homo,pas_pyridine_count,0.0,0.0
hidden_rings,homo,pas_pyridine_fraction,0.0,0.0
hidden_rings,homo,pas_pyridine_terminal_count,0.0,0.0
hidden_rings,homo,pas_pyridine_middle_count,0.0,0.0
hidden_rings,homo,pas_pyridine_branch_count,0.0,0.0
hidden_rings,homo,pas_pyrazine_count,0.0,0.0
hidden_rings,homo,pas_pyrazine_fraction,0.0,0.0
hidden_rings,homo,pas_pyrazine_terminal_count,0.0,0.0
hidden_rings,homo,pas_pyrazine_middle_count,0.0,0.0
hidden_rings,homo,pas_pyrazine_branch_count,0.0,0.0
hidden_rings,homo,pas_thiophene_count,0.0,0.0
hidden_rings,homo,pas_thiophene_fraction,0.0,0.0
hidden_rings,homo,pas_thiophene_terminal_count,0.0,0.0
hidden_rings,homo,pas_thiophene_middle_count,0.0,0.0
hidden_rings,homo,pas_thiophene_branch_count,0.0,0.0
hidden_rings,homo,pas_furan_count,0.0,0.0
hidden_rings,homo,pas_furan_fraction,0.0,0.0
hidden_rings,homo,pas_furan_terminal_count,0.0,0.0
hidden_rings,homo,pas_furan_middle_count,0.0,0.0
hidden_rings,homo,pas_furan_branch_count,0.0,0.0
hidden_rings,homo,pas_borole_count,0.0,0.0
hidden_rings,homo,pas_borole_fraction,0.0,0.0
hidden_rings,homo,pas_borole_terminal_count,0.0,0.0
hidden_rings,homo,pas_borole_middle_count,0.0,0.0
hidden_rings,homo,pas_borole_branch_count,0.0,0.0
hidden_rings,homo,pas_cyclobutadiene_count,0.0,0.0
hidden_rings,homo,pas_cyclobutadiene_fraction,0.0,0.0
hidden_rings,homo,pas_cyclobutadiene_terminal_count,0.0,0.0
hidden_rings,homo,pas_cyclobutadiene_middle_count,0.0,0.0
hidden_rings,homo,pas_cyclobutadiene_branch_count,0.0,0.0
hidden_rings,homo,pas_pyrrole_count,0.0,0.0
hidden_rings,homo,pas_pyrrole_fraction,0.0,0.0
hidden_rings,homo,pas_pyrrole_terminal_count,0.0,0.0
hidden_rings,homo,pas_pyrrole_middle_count,0.0,0.0
hidden_rings,homo,pas_pyrrole_branch_count,0.0,0.0
hidden_rings,homo,pas_dhdiborinine_count,0.0,0.0
hidden_rings,homo,pas_dhdiborinine_fraction,0.0,0.0
hidden_rings,homo,pas_dhdiborinine_terminal_count,0.0,0.0
hidden_rings,homo,pas_dhdiborinine_middle_count,0.0,0.0
hidden_rings,homo,pas_dhdiborinine_branch_count,0.0,0.0
hidden_rings,homo,pas_14diborinine_count,0.0,0.0
hidden_rings,homo,pas_14diborinine_fraction,0.0,0.0
hidden_rings,homo,pas_14diborinine_terminal_count,0.0,0.0
hidden_rings,homo,pas_14diborinine_middle_count,0.0,0.0
hidden_rings,homo,pas_14diborinine_branch_count,0.0,0.0
hidden_rings,homo,pas_borinine_count,0.0,0.0
hidden_rings,homo,pas_borinine_fraction,0.0,0.0
hidden_rings,homo,pas_borinine_terminal_count,0.0,0.0
hidden_rings,homo,pas_borinine_middle_count,0.0,0.0
hidden_rings,homo,pas_borinine_branch_count,0.0,0.0
hidden_rings,homo,paper_lalas_lal_subsequence_count,0.017590227715207726,0.0005950387060465073
hidden_rings,homo,paper_lalas_l_ratio,0.01321284963230279,0.0004279826556353835
hidden_rings,homo,paper_lalas_longest_l_degeneracy,0.017135583223780063,0.00044153538471160454
hidden_rings,homo,paper_lalas_upper_a_ratio,0.06909415044016688,0.0011460606305507383
hidden_rings,homo,paper_lalas_a_ratio,0.014503384586481831,0.0004672416432755571
hidden_rings,homo,paper_lalas_longest_upper_a,0.03139794399267588,0.0007955554996954966
hidden_rings,homo,paper_lalas_longest_lower_a,0.030917477233235652,0.0005735284187446125
hidden_rings,homo,paper_lalas_longest_a_case_insensitive,0.0321773538383345,0.0004743598555645236
hidden_rings,lumo,pas_total_rings,0.040217103646276724,0.0025851391883447332
hidden_rings,lumo,pas_total_annulations,0.013266959258789573,0.0005023187076080144
hidden_rings,lumo,pas_total_l,0.01026529864268443,0.0004645481180819502
hidden_rings,lumo,pas_total_a,0.015268837212043003,0.0006248715041978016
hidden_rings,lumo,pas_l_fraction,0.011117591765613602,0.0002915507777765159
hidden_rings,lumo,pas_a_fraction,0.012287943517181432,0.0004044542134803448
hidden_rings,lumo,pas_l_to_a_ratio,0.011193884043916887,0.00044289999772642867
hidden_rings,lumo,pas_la_count,0.005480803427610825,0.00019789390274610124
hidden_rings,lumo,pas_al_count,0.00754027060185698,0.00027854337031082803
hidden_rings,lumo,pas_alternation_count,0.012646122693106476,0.00043144357637983107
hidden_rings,lumo,pas_alternation_fraction,0.04948496815618821,0.0008947399434016772
hidden_rings,lumo,pas_branch_count,0.0033708391175112564,0.00020113763403351045
hidden_rings,lumo,pas_branch_density,0.014616830438363098,0.0008952134150191395
hidden_rings,lumo,pas_max_branch_depth,0.001987219673304889,0.00010943151164213399
hidden_rings,lumo,pas_parenthesis_count,0.003419419007942543,0.00014860987326190258
hidden_rings,lumo,pas_topology_length,0.020087668945932346,0.0005609545065758857
hidden_rings,lumo,pas_donor_ring_count,0.0,0.0
hidden_rings,lumo,pas_acceptor_ring_count,0.0,0.0
hidden_rings,lumo,pas_donor_acceptor_balance,0.0,0.0
hidden_rings,lumo,pas_donor_acceptor_ratio,0.0,0.0
hidden_rings,lumo,pas_donor_fraction,0.0,0.0
hidden_rings,lumo,pas_acceptor_fraction,0.0,0.0
hidden_rings,lumo,pas_terminal_non_benzene_count,0.0,0.0
hidden_rings,lumo,pas_middle_non_benzene_count,0.0,0.0
hidden_rings,lumo,pas_branch_non_benzene_count,0.0,0.0
hidden_rings,lumo,pas_terminal_heterocycle_count,0.0,0.0
hidden_rings,lumo,pas_middle_heterocycle_count,0.0,0.0
hidden_rings,lumo,pas_branch_heterocycle_count,0.0,0.0
hidden_rings,lumo,pas_terminal_donor_count,0.0,0.0
hidden_rings,lumo,pas_middle_donor_count,0.0,0.0
hidden_rings,lumo,pas_branch_donor_count,0.0,0.0
hidden_rings,lumo,pas_terminal_acceptor_count,0.0,0.0
hidden_rings,lumo,pas_middle_acceptor_count,0.0,0.0
hidden_rings,lumo,pas_branch_acceptor_count,0.0,0.0
hidden_rings,lumo,heterocycle_fraction,0.0,0.0
hidden_rings,lumo,heteroatom_density,0.0,0.0
hidden_rings,lumo,aromatic_ring_fraction,0.0,0.0
hidden_rings,lumo,rings,0.01375573616346435,0.0006386188862375808
hidden_rings,lumo,aromatic_rings,0.04013512576386504,0.0037091236057373274
hidden_rings,lumo,atoms,0.089244755185574,0.0016355016402628333
hidden_rings,lumo,heteroatoms,0.0,0.0
hidden_rings,lumo,heterocycles,0.0,0.0
hidden_rings,lumo,branch,0.021088558549590783,0.0007340265140457166
hidden_rings,lumo,h,0.13955280610044377,0.002264275270968836
hidden_rings,lumo,c,0.15949911870053282,0.0019479551474762718
hidden_rings,lumo,b,0.0,0.0
hidden_rings,lumo,s,0.0,0.0
hidden_rings,lumo,o,0.0,0.0
hidden_rings,lumo,n,0.0,0.0
hidden_rings,lumo,pas_benzene_count,0.0403860428693063,0.002875521220308816
hidden_rings,lumo,pas_benzene_fraction,0.0,0.0
hidden_rings,lumo,pas_benzene_terminal_count,0.0,0.0
hidden_rings,lumo,pas_benzene_middle_count,0.03475722728095922,0.0031102351055807376
hidden_rings,lumo,pas_benzene_branch_count,0.023664717000147054,0.0007313432686262903
hidden_rings,lumo,pas_pyridine_count,0.0,0.0
hidden_rings,lumo,pas_pyridine_fraction,0.0,0.0
hidden_rings,lumo,pas_pyridine_terminal_count,0.0,0.0
hidden_rings,lumo,pas_pyridine_middle_count,0.0,0.0
hidden_rings,lumo,pas_pyridine_branch_count,0.0,0.0
hidden_rings,lumo,pas_pyrazine_count,0.0,0.0
hidden_rings,lumo,pas_pyrazine_fraction,0.0,0.0
hidden_rings,lumo,pas_pyrazine_terminal_count,0.0,0.0
hidden_rings,lumo,pas_pyrazine_middle_count,0.0,0.0
hidden_rings,lumo,pas_pyrazine_branch_count,0.0,0.0
hidden_rings,lumo,pas_thiophene_count,0.0,0.0
hidden_rings,lumo,pas_thiophene_fraction,0.0,0.0
hidden_rings,lumo,pas_thiophene_terminal_count,0.0,0.0
hidden_rings,lumo,pas_thiophene_middle_count,0.0,0.0
hidden_rings,lumo,pas_thiophene_branch_count,0.0,0.0
hidden_rings,lumo,pas_furan_count,0.0,0.0
hidden_rings,lumo,pas_furan_fraction,0.0,0.0
hidden_rings,lumo,pas_furan_terminal_count,0.0,0.0
hidden_rings,lumo,pas_furan_middle_count,0.0,0.0
hidden_rings,lumo,pas_furan_branch_count,0.0,0.0
hidden_rings,lumo,pas_borole_count,0.0,0.0
hidden_rings,lumo,pas_borole_fraction,0.0,0.0
hidden_rings,lumo,pas_borole_terminal_count,0.0,0.0
hidden_rings,lumo,pas_borole_middle_count,0.0,0.0
hidden_rings,lumo,pas_borole_branch_count,0.0,0.0
hidden_rings,lumo,pas_cyclobutadiene_count,0.0,0.0
hidden_rings,lumo,pas_cyclobutadiene_fraction,0.0,0.0
hidden_rings,lumo,pas_cyclobutadiene_terminal_count,0.0,0.0
hidden_rings,lumo,pas_cyclobutadiene_middle_count,0.0,0.0
hidden_rings,lumo,pas_cyclobutadiene_branch_count,0.0,0.0
hidden_rings,lumo,pas_pyrrole_count,0.0,0.0
hidden_rings,lumo,pas_pyrrole_fraction,0.0,0.0
hidden_rings,lumo,pas_pyrrole_terminal_count,0.0,0.0
hidden_rings,lumo,pas_pyrrole_middle_count,0.0,0.0
hidden_rings,lumo,pas_pyrrole_branch_count,0.0,0.0
hidden_rings,lumo,pas_dhdiborinine_count,0.0,0.0
hidden_rings,lumo,pas_dhdiborinine_fraction,0.0,0.0
hidden_rings,lumo,pas_dhdiborinine_terminal_count,0.0,0.0
hidden_rings,lumo,pas_dhdiborinine_middle_count,0.0,0.0
hidden_rings,lumo,pas_dhdiborinine_branch_count,0.0,0.0
hidden_rings,lumo,pas_14diborinine_count,0.0,0.0
hidden_rings,lumo,pas_14diborinine_fraction,0.0,0.0
hidden_rings,lumo,pas_14diborinine_terminal_count,0.0,0.0
hidden_rings,lumo,pas_14diborinine_middle_count,0.0,0.0
hidden_rings,lumo,pas_14diborinine_branch_count,0.0,0.0
hidden_rings,lumo,pas_borinine_count,0.0,0.0
hidden_rings,lumo,pas_borinine_fraction,0.0,0.0
hidden_rings,lumo,pas_borinine_terminal_count,0.0,0.0
hidden_rings,lumo,pas_borinine_middle_count,0.0,0.0
hidden_rings,lumo,pas_borinine_branch_count,0.0,0.0
hidden_rings,lumo,paper_lalas_lal_subsequence_count,0.013459302163825492,0.0004442436685175469
hidden_rings,lumo,paper_lalas_l_ratio,0.011241115887433721,0.00031258796806225755
hidden_rings,lumo,paper_lalas_longest_l_degeneracy,0.01517035809443519,0.0004310000495358175
hidden_rings,lumo,paper_lalas_upper_a_ratio,0.06381054584045665,0.001193422847621035
hidden_rings,lumo,paper_lalas_a_ratio,0.012314717468303052,0.0003124773544680588
hidden_rings,lumo,paper_lalas_longest_upper_a,0.031081122470102144,0.0006421555617013964
hidden_rings,lumo,paper_lalas_longest_lower_a,0.0292385967252053,0.0007431344234175649
hidden_rings,lumo,paper_lalas_longest_a_case_insensitive,0.029348393588032838,0.0007127686099032381
hidden_rings,gap,pas_total_rings,0.06747055738701252,0.007208296426230294
hidden_rings,gap,pas_total_annulations,0.010730401583354605,0.0005620930886766939
hidden_rings,gap,pas_total_l,0.01149841869531262,0.0011483325276670105
hidden_rings,gap,pas_total_a,0.01621658579677691,0.0009148330100727323
hidden_rings,gap,pas_l_fraction,0.010985403822088896,0.000394925268703009
hidden_rings,gap,pas_a_fraction,0.01236613171517888,0.0006628183325563449
hidden_rings,gap,pas_l_to_a_ratio,0.011492665090225517,0.0006680937316976036
hidden_rings,gap,pas_la_count,0.004890966740456237,0.0001676193726737617
hidden_rings,gap,pas_al_count,0.006874495855366309,0.00025796255628080585
hidden_rings,gap,pas_alternation_count,0.011543154540580459,0.0002779491276685806
hidden_rings,gap,pas_alternation_fraction,0.042206162300674574,0.0008485746755950464
hidden_rings,gap,pas_branch_count,0.0035285363372000744,0.00019485811943478952
hidden_rings,gap,pas_branch_density,0.0071770932932706125,0.0005964825093550506
hidden_rings,gap,pas_max_branch_depth,0.001998617471069795,0.00012625411204445283
hidden_rings,gap,pas_parenthesis_count,0.003552812290615453,0.00015344606421973772
hidden_rings,gap,pas_topology_length,0.017727131555532502,0.0006804223888139619
hidden_rings,gap,pas_donor_ring_count,0.0,0.0
hidden_rings,gap,pas_acceptor_ring_count,0.0,0.0
hidden_rings,gap,pas_donor_acceptor_balance,0.0,0.0
hidden_rings,gap,pas_donor_acceptor_ratio,0.0,0.0
hidden_rings,gap,pas_donor_fraction,0.0,0.0
hidden_rings,gap,pas_acceptor_fraction,0.0,0.0
hidden_rings,gap,pas_terminal_non_benzene_count,0.0,0.0
hidden_rings,gap,pas_middle_non_benzene_count,0.0,0.0
hidden_rings,gap,pas_branch_non_benzene_count,0.0,0.0
hidden_rings,gap,pas_terminal_heterocycle_count,0.0,0.0
hidden_rings,gap,pas_middle_heterocycle_count,0.0,0.0
hidden_rings,gap,pas_branch_heterocycle_count,0.0,0.0
hidden_rings,gap,pas_terminal_donor_count,0.0,0.0
hidden_rings,gap,pas_middle_donor_count,0.0,0.0
hidden_rings,gap,pas_branch_donor_count,0.0,0.0
hidden_rings,gap,pas_terminal_acceptor_count,0.0,0.0
hidden_rings,gap,pas_middle_acceptor_count,0.0,0.0
hidden_rings,gap,pas_branch_acceptor_count,0.0,0.0
hidden_rings,gap,heterocycle_fraction,0.0,0.0
hidden_rings,gap,heteroatom_density,0.0,0.0
hidden_rings,gap,aromatic_ring_fraction,0.0,0.0
hidden_rings,gap,rings,0.010556314206683895,0.0006210959594743724
hidden_rings,gap,aromatic_rings,0.06923104204430651,0.005987254497472199
hidden_rings,gap,atoms,0.0917928629236253,0.002023615013090957
hidden_rings,gap,heteroatoms,0.0,0.0
hidden_rings,gap,heterocycles,0.0,0.0
hidden_rings,gap,branch,0.024668981480866107,0.0009102130854541833
hidden_rings,gap,h,0.07706418400967405,0.0009637217982940048
hidden_rings,gap,c,0.1485602858796842,0.002462115004316557
hidden_rings,gap,b,0.0,0.0
hidden_rings,gap,s,0.0,0.0
hidden_rings,gap,o,0.0,0.0
hidden_rings,gap,n,0.0,0.0
hidden_rings,gap,pas_benzene_count,0.06638214457254768,0.006290204315936304
hidden_rings,gap,pas_benzene_fraction,0.0,0.0
hidden_rings,gap,pas_benzene_terminal_count,0.0,0.0
hidden_rings,gap,pas_benzene_middle_count,0.06177083961345757,0.006232096249925489
hidden_rings,gap,pas_benzene_branch_count,0.023646260900821305,0.0006752025915513977
hidden_rings,gap,pas_pyridine_count,0.0,0.0
hidden_rings,gap,pas_pyridine_fraction,0.0,0.0
hidden_rings,gap,pas_pyridine_terminal_count,0.0,0.0
hidden_rings,gap,pas_pyridine_middle_count,0.0,0.0
hidden_rings,gap,pas_pyridine_branch_count,0.0,0.0
hidden_rings,gap,pas_pyrazine_count,0.0,0.0
hidden_rings,gap,pas_pyrazine_fraction,0.0,0.0
hidden_rings,gap,pas_pyrazine_terminal_count,0.0,0.0
hidden_rings,gap,pas_pyrazine_middle_count,0.0,0.0
hidden_rings,gap,pas_pyrazine_branch_count,0.0,0.0
hidden_rings,gap,pas_thiophene_count,0.0,0.0
hidden_rings,gap,pas_thiophene_fraction,0.0,0.0
hidden_rings,gap,pas_thiophene_terminal_count,0.0,0.0
hidden_rings,gap,pas_thiophene_middle_count,0.0,0.0
hidden_rings,gap,pas_thiophene_branch_count,0.0,0.0
hidden_rings,gap,pas_furan_count,0.0,0.0
hidden_rings,gap,pas_furan_fraction,0.0,0.0
hidden_rings,gap,pas_furan_terminal_count,0.0,0.0
hidden_rings,gap,pas_furan_middle_count,0.0,0.0
hidden_rings,gap,pas_furan_branch_count,0.0,0.0
hidden_rings,gap,pas_borole_count,0.0,0.0
hidden_rings,gap,pas_borole_fraction,0.0,0.0
hidden_rings,gap,pas_borole_terminal_count,0.0,0.0
hidden_rings,gap,pas_borole_middle_count,0.0,0.0
hidden_rings,gap,pas_borole_branch_count,0.0,0.0
hidden_rings,gap,pas_cyclobutadiene_count,0.0,0.0
hidden_rings,gap,pas_cyclobutadiene_fraction,0.0,0.0
hidden_rings,gap,pas_cyclobutadiene_terminal_count,0.0,0.0
hidden_rings,gap,pas_cyclobutadiene_middle_count,0.0,0.0
hidden_rings,gap,pas_cyclobutadiene_branch_count,0.0,0.0
hidden_rings,gap,pas_pyrrole_count,0.0,0.0
hidden_rings,gap,pas_pyrrole_fraction,0.0,0.0
hidden_rings,gap,pas_pyrrole_terminal_count,0.0,0.0
hidden_rings,gap,pas_pyrrole_middle_count,0.0,0.0
hidden_rings,gap,pas_pyrrole_branch_count,0.0,0.0
hidden_rings,gap,pas_dhdiborinine_count,0.0,0.0
hidden_rings,gap,pas_dhdiborinine_fraction,0.0,0.0
hidden_rings,gap,pas_dhdiborinine_terminal_count,0.0,0.0
hidden_rings,gap,pas_dhdiborinine_middle_count,0.0,0.0
hidden_rings,gap,pas_dhdiborinine_branch_count,0.0,0.0
hidden_rings,gap,pas_14diborinine_count,0.0,0.0
hidden_rings,gap,pas_14diborinine_fraction,0.0,0.0
hidden_rings,gap,pas_14diborinine_terminal_count,0.0,0.0
hidden_rings,gap,pas_14diborinine_middle_count,0.0,0.0
hidden_rings,gap,pas_14diborinine_branch_count,0.0,0.0
hidden_rings,gap,pas_borinine_count,0.0,0.0
hidden_rings,gap,pas_borinine_fraction,0.0,0.0
hidden_rings,gap,pas_borinine_terminal_count,0.0,0.0
hidden_rings,gap,pas_borinine_middle_count,0.0,0.0
hidden_rings,gap,pas_borinine_branch_count,0.0,0.0
hidden_rings,gap,paper_lalas_lal_subsequence_count,0.012078524011565894,0.0005124320460658912
hidden_rings,gap,paper_lalas_l_ratio,0.010902011719144278,0.0005049535298321632
hidden_rings,gap,paper_lalas_longest_l_degeneracy,0.012109535362154969,0.00038728395016451194
hidden_rings,gap,paper_lalas_upper_a_ratio,0.05614802901460814,0.0010013010398944844
hidden_rings,gap,paper_lalas_a_ratio,0.012355274004895365,0.0004083617409446609
hidden_rings,gap,paper_lalas_longest_upper_a,0.02864566067579943,0.0009459815888742718
hidden_rings,gap,paper_lalas_longest_lower_a,0.026677912205240545,0.0006678621588626772
hidden_rings,gap,paper_lalas_longest_a_case_insensitive,0.027151002900208835,0.0010062756795508406
hidden_rings,aip,pas_total_rings,0.05519197054985922,0.005291879306881372
hidden_rings,aip,pas_total_annulations,0.012449499734906501,0.0006333680757494145
hidden_rings,aip,pas_total_l,0.0167798259649969,0.0015081214344461157
hidden_rings,aip,pas_total_a,0.012001491166242812,0.0005626730920136795
hidden_rings,aip,pas_l_fraction,0.011650014593200477,0.0004600486749640311
hidden_rings,aip,pas_a_fraction,0.012540391831827036,0.00043549872141241
hidden_rings,aip,pas_l_to_a_ratio,0.011612789431919356,0.0006125411765612173
hidden_rings,aip,pas_la_count,0.005507018994230602,0.00022754489028158344
hidden_rings,aip,pas_al_count,0.007593066077236833,0.00022611542146040045
hidden_rings,aip,pas_alternation_count,0.013014442088840778,0.0004803348509385502
hidden_rings,aip,pas_alternation_fraction,0.04783444887731338,0.0008853561696532508
hidden_rings,aip,pas_branch_count,0.0031179323701825824,0.00021267480186161337
hidden_rings,aip,pas_branch_density,0.01487357676197524,0.0007758770678154753
hidden_rings,aip,pas_max_branch_depth,0.0018067328561969876,9.742337073430513e-05
hidden_rings,aip,pas_parenthesis_count,0.0031426098077176868,0.000196330178065377
hidden_rings,aip,pas_topology_length,0.021088200103805018,0.000818048656628247
hidden_rings,aip,pas_donor_ring_count,0.0,0.0
hidden_rings,aip,pas_acceptor_ring_count,0.0,0.0
hidden_rings,aip,pas_donor_acceptor_balance,0.0,0.0
hidden_rings,aip,pas_donor_acceptor_ratio,0.0,0.0
hidden_rings,aip,pas_donor_fraction,0.0,0.0
hidden_rings,aip,pas_acceptor_fraction,0.0,0.0
hidden_rings,aip,pas_terminal_non_benzene_count,0.0,0.0
hidden_rings,aip,pas_middle_non_benzene_count,0.0,0.0
hidden_rings,aip,pas_branch_non_benzene_count,0.0,0.0
hidden_rings,aip,pas_terminal_heterocycle_count,0.0,0.0
hidden_rings,aip,pas_middle_heterocycle_count,0.0,0.0
hidden_rings,aip,pas_branch_heterocycle_count,0.0,0.0
hidden_rings,aip,pas_terminal_donor_count,0.0,0.0
hidden_rings,aip,pas_middle_donor_count,0.0,0.0
hidden_rings,aip,pas_branch_donor_count,0.0,0.0
hidden_rings,aip,pas_terminal_acceptor_count,0.0,0.0
hidden_rings,aip,pas_middle_acceptor_count,0.0,0.0
hidden_rings,aip,pas_branch_acceptor_count,0.0,0.0
hidden_rings,aip,heterocycle_fraction,0.0,0.0
hidden_rings,aip,heteroatom_density,0.0,0.0
hidden_rings,aip,aromatic_ring_fraction,0.0,0.0
hidden_rings,aip,rings,0.022431863733283812,0.0010405262968238664
hidden_rings,aip,aromatic_rings,0.0565528601539888,0.00466856394902969
hidden_rings,aip,atoms,0.10218778109220127,0.0017120305786710965
hidden_rings,aip,heteroatoms,0.0,0.0
hidden_rings,aip,heterocycles,0.0,0.0
hidden_rings,aip,branch,0.020080773753990297,0.000717351284516714
hidden_rings,aip,h,0.11049547520552552,0.0019697435415936384
hidden_rings,aip,c,0.11091936596018509,0.0016095252123856816
hidden_rings,aip,b,0.0,0.0
hidden_rings,aip,s,0.0,0.0
hidden_rings,aip,o,0.0,0.0
hidden_rings,aip,n,0.0,0.0
hidden_rings,aip,pas_benzene_count,0.05454123851589898,0.005205518981875279
hidden_rings,aip,pas_benzene_fraction,0.0,0.0
hidden_rings,aip,pas_benzene_terminal_count,0.0,0.0
hidden_rings,aip,pas_benzene_middle_count,0.048442525410693334,0.002795814480634974
hidden_rings,aip,pas_benzene_branch_count,0.02482026700741635,0.0007292669770746224
hidden_rings,aip,pas_pyridine_count,0.0,0.0
hidden_rings,aip,pas_pyridine_fraction,0.0,0.0
hidden_rings,aip,pas_pyridine_terminal_count,0.0,0.0
hidden_rings,aip,pas_pyridine_middle_count,0.0,0.0
hidden_rings,aip,pas_pyridine_branch_count,0.0,0.0
hidden_rings,aip,pas_pyrazine_count,0.0,0.0
hidden_rings,aip,pas_pyrazine_fraction,0.0,0.0
hidden_rings,aip,pas_pyrazine_terminal_count,0.0,0.0
hidden_rings,aip,pas_pyrazine_middle_count,0.0,0.0
hidden_rings,aip,pas_pyrazine_branch_count,0.0,0.0
hidden_rings,aip,pas_thiophene_count,0.0,0.0
hidden_rings,aip,pas_thiophene_fraction,0.0,0.0
hidden_rings,aip,pas_thiophene_terminal_count,0.0,0.0
hidden_rings,aip,pas_thiophene_middle_count,0.0,0.0
hidden_rings,aip,pas_thiophene_branch_count,0.0,0.0
hidden_rings,aip,pas_furan_count,0.0,0.0
hidden_rings,aip,pas_furan_fraction,0.0,0.0
hidden_rings,aip,pas_furan_terminal_count,0.0,0.0
hidden_rings,aip,pas_furan_middle_count,0.0,0.0
hidden_rings,aip,pas_furan_branch_count,0.0,0.0
hidden_rings,aip,pas_borole_count,0.0,0.0
hidden_rings,aip,pas_borole_fraction,0.0,0.0
hidden_rings,aip,pas_borole_terminal_count,0.0,0.0
hidden_rings,aip,pas_borole_middle_count,0.0,0.0
hidden_rings,aip,pas_borole_branch_count,0.0,0.0
hidden_rings,aip,pas_cyclobutadiene_count,0.0,0.0
hidden_rings,aip,pas_cyclobutadiene_fraction,0.0,0.0
hidden_rings,aip,pas_cyclobutadiene_terminal_count,0.0,0.0
hidden_rings,aip,pas_cyclobutadiene_middle_count,0.0,0.0
hidden_rings,aip,pas_cyclobutadiene_branch_count,0.0,0.0
hidden_rings,aip,pas_pyrrole_count,0.0,0.0
hidden_rings,aip,pas_pyrrole_fraction,0.0,0.0
hidden_rings,aip,pas_pyrrole_terminal_count,0.0,0.0
hidden_rings,aip,pas_pyrrole_middle_count,0.0,0.0
hidden_rings,aip,pas_pyrrole_branch_count,0.0,0.0
hidden_rings,aip,pas_dhdiborinine_count,0.0,0.0
hidden_rings,aip,pas_dhdiborinine_fraction,0.0,0.0
hidden_rings,aip,pas_dhdiborinine_terminal_count,0.0,0.0
hidden_rings,aip,pas_dhdiborinine_middle_count,0.0,0.0
hidden_rings,aip,pas_dhdiborinine_branch_count,0.0,0.0
hidden_rings,aip,pas_14diborinine_count,0.0,0.0
hidden_rings,aip,pas_14diborinine_fraction,0.0,0.0
hidden_rings,aip,pas_14diborinine_terminal_count,0.0,0.0
hidden_rings,aip,pas_14diborinine_middle_count,0.0,0.0
hidden_rings,aip,pas_14diborinine_branch_count,0.0,0.0
hidden_rings,aip,pas_borinine_count,0.0,0.0
hidden_rings,aip,pas_borinine_fraction,0.0,0.0
hidden_rings,aip,pas_borinine_terminal_count,0.0,0.0
hidden_rings,aip,pas_borinine_middle_count,0.0,0.0
hidden_rings,aip,pas_borinine_branch_count,0.0,0.0
hidden_rings,aip,paper_lalas_lal_subsequence_count,0.014947489198008906,0.0005648816137619672
hidden_rings,aip,paper_lalas_l_ratio,0.01165855139179492,0.00048201484141300563
hidden_rings,aip,paper_lalas_longest_l_degeneracy,0.014196937936240798,0.00041905066683877785
hidden_rings,aip,paper_lalas_upper_a_ratio,0.06231302583438863,0.001022254887433827
hidden_rings,aip,paper_lalas_a_ratio,0.012464658462828626,0.0005294797093103469
hidden_rings,aip,paper_lalas_longest_upper_a,0.028993129928407236,0.0008251007835951968
hidden_rings,aip,paper_lalas_longest_lower_a,0.026292142944351365,0.0007362935286434585
hidden_rings,aip,paper_lalas_longest_a_case_insensitive,0.028457902260344684,0.0007061018793673195
hidden_rings,aea,pas_total_rings,0.08367141358342806,0.008049861561768146
hidden_rings,aea,pas_total_annulations,0.011044004824867924,0.0005507806914291902
hidden_rings,aea,pas_total_l,0.00927668716312086,0.0006667035185511422
hidden_rings,aea,pas_total_a,0.014188376300887364,0.0005135012346530218
hidden_rings,aea,pas_l_fraction,0.009128822945130878,0.0002974883987202822
hidden_rings,aea,pas_a_fraction,0.0102538253648838,0.00036886366139111287
hidden_rings,aea,pas_l_to_a_ratio,0.008946280819845194,0.0003311634331092932
hidden_rings,aea,pas_la_count,0.004500744961058096,0.0001902920491314923
hidden_rings,aea,pas_al_count,0.006136861559261904,0.00020466034188457754
hidden_rings,aea,pas_alternation_count,0.010446110021176146,0.00037460546239408935
hidden_rings,aea,pas_alternation_fraction,0.03893929161928531,0.0012924646734822946
hidden_rings,aea,pas_branch_count,0.0028918403643636193,0.00017598659375416174
hidden_rings,aea,pas_branch_density,0.007259213482505899,0.0006854557373198406
hidden_rings,aea,pas_max_branch_depth,0.0016501071705862258,0.00011661059600367654
hidden_rings,aea,pas_parenthesis_count,0.0028897305590058543,0.00015071983989724928
hidden_rings,aea,pas_topology_length,0.017529078578276614,0.0008901621040635383
hidden_rings,aea,pas_donor_ring_count,0.0,0.0
hidden_rings,aea,pas_acceptor_ring_count,0.0,0.0
hidden_rings,aea,pas_donor_acceptor_balance,0.0,0.0
hidden_rings,aea,pas_donor_acceptor_ratio,0.0,0.0
hidden_rings,aea,pas_donor_fraction,0.0,0.0
hidden_rings,aea,pas_acceptor_fraction,0.0,0.0
hidden_rings,aea,pas_terminal_non_benzene_count,0.0,0.0
hidden_rings,aea,pas_middle_non_benzene_count,0.0,0.0
hidden_rings,aea,pas_branch_non_benzene_count,0.0,0.0
hidden_rings,aea,pas_terminal_heterocycle_count,0.0,0.0
hidden_rings,aea,pas_middle_heterocycle_count,0.0,0.0
hidden_rings,aea,pas_branch_heterocycle_count,0.0,0.0
hidden_rings,aea,pas_terminal_donor_count,0.0,0.0
hidden_rings,aea,pas_middle_donor_count,0.0,0.0
hidden_rings,aea,pas_branch_donor_count,0.0,0.0
hidden_rings,aea,pas_terminal_acceptor_count,0.0,0.0
hidden_rings,aea,pas_middle_acceptor_count,0.0,0.0
hidden_rings,aea,pas_branch_acceptor_count,0.0,0.0
hidden_rings,aea,heterocycle_fraction,0.0,0.0
hidden_rings,aea,heteroatom_density,0.0,0.0
hidden_rings,aea,aromatic_ring_fraction,0.0,0.0
hidden_rings,aea,rings,0.01083711031792822,0.0008553083826161252
hidden_rings,aea,aromatic_rings,0.07989753139174675,0.004801930185267007
hidden_rings,aea,atoms,0.07973523837905465,0.0016433313935759195
hidden_rings,aea,heteroatoms,0.0,0.0
hidden_rings,aea,heterocycles,0.0,0.0
hidden_rings,aea,branch,0.020304726437350828,0.0006061179329157047
hidden_rings,aea,h,0.11081525317649936,0.001963664706289952
hidden_rings,aea,c,0.12050036615239787,0.0022081531057902134
hidden_rings,aea,b,0.0,0.0
hidden_rings,aea,s,0.0,0.0
hidden_rings,aea,o,0.0,0.0
hidden_rings,aea,n,0.0,0.0
hidden_rings,aea,pas_benzene_count,0.07840583996082102,0.007225223732752873
hidden_rings,aea,pas_benzene_fraction,0.0,0.0
hidden_rings,aea,pas_benzene_terminal_count,0.0,0.0
hidden_rings,aea,pas_benzene_middle_count,0.0693226685179784,0.00917919273796809
hidden_rings,aea,pas_benzene_branch_count,0.021262472093861572,0.0006218750061723563
hidden_rings,aea,pas_pyridine_count,0.0,0.0
hidden_rings,aea,pas_pyridine_fraction,0.0,0.0
hidden_rings,aea,pas_pyridine_terminal_count,0.0,0.0
hidden_rings,aea,pas_pyridine_middle_count,0.0,0.0
hidden_rings,aea,pas_pyridine_branch_count,0.0,0.0
hidden_rings,aea,pas_pyrazine_count,0.0,0.0
hidden_rings,aea,pas_pyrazine_fraction,0.0,0.0
hidden_rings,aea,pas_pyrazine_terminal_count,0.0,0.0
hidden_rings,aea,pas_pyrazine_middle_count,0.0,0.0
hidden_rings,aea,pas_pyrazine_branch_count,0.0,0.0
hidden_rings,aea,pas_thiophene_count,0.0,0.0
hidden_rings,aea,pas_thiophene_fraction,0.0,0.0
hidden_rings,aea,pas_thiophene_terminal_count,0.0,0.0
hidden_rings,aea,pas_thiophene_middle_count,0.0,0.0
hidden_rings,aea,pas_thiophene_branch_count,0.0,0.0
hidden_rings,aea,pas_furan_count,0.0,0.0
hidden_rings,aea,pas_furan_fraction,0.0,0.0
hidden_rings,aea,pas_furan_terminal_count,0.0,0.0
hidden_rings,aea,pas_furan_middle_count,0.0,0.0
hidden_rings,aea,pas_furan_branch_count,0.0,0.0
hidden_rings,aea,pas_borole_count,0.0,0.0
hidden_rings,aea,pas_borole_fraction,0.0,0.0
hidden_rings,aea,pas_borole_terminal_count,0.0,0.0
hidden_rings,aea,pas_borole_middle_count,0.0,0.0
hidden_rings,aea,pas_borole_branch_count,0.0,0.0
hidden_rings,aea,pas_cyclobutadiene_count,0.0,0.0
hidden_rings,aea,pas_cyclobutadiene_fraction,0.0,0.0
hidden_rings,aea,pas_cyclobutadiene_terminal_count,0.0,0.0
hidden_rings,aea,pas_cyclobutadiene_middle_count,0.0,0.0
hidden_rings,aea,pas_cyclobutadiene_branch_count,0.0,0.0
hidden_rings,aea,pas_pyrrole_count,0.0,0.0
hidden_rings,aea,pas_pyrrole_fraction,0.0,0.0
hidden_rings,aea,pas_pyrrole_terminal_count,0.0,0.0
hidden_rings,aea,pas_pyrrole_middle_count,0.0,0.0
hidden_rings,aea,pas_pyrrole_branch_count,0.0,0.0
hidden_rings,aea,pas_dhdiborinine_count,0.0,0.0
hidden_rings,aea,pas_dhdiborinine_fraction,0.0,0.0
hidden_rings,aea,pas_dhdiborinine_terminal_count,0.0,0.0
hidden_rings,aea,pas_dhdiborinine_middle_count,0.0,0.0
hidden_rings,aea,pas_dhdiborinine_branch_count,0.0,0.0
hidden_rings,aea,pas_14diborinine_count,0.0,0.0
hidden_rings,aea,pas_14diborinine_fraction,0.0,0.0
hidden_rings,aea,pas_14diborinine_terminal_count,0.0,0.0
hidden_rings,aea,pas_14diborinine_middle_count,0.0,0.0
hidden_rings,aea,pas_14diborinine_branch_count,0.0,0.0
hidden_rings,aea,pas_borinine_count,0.0,0.0
hidden_rings,aea,pas_borinine_fraction,0.0,0.0
hidden_rings,aea,pas_borinine_terminal_count,0.0,0.0
hidden_rings,aea,pas_borinine_middle_count,0.0,0.0
hidden_rings,aea,pas_borinine_branch_count,0.0,0.0
hidden_rings,aea,paper_lalas_lal_subsequence_count,0.011108232907566948,0.0004120412868054613
hidden_rings,aea,paper_lalas_l_ratio,0.009029873660375366,0.0002822207195955387
hidden_rings,aea,paper_lalas_longest_l_degeneracy,0.011953925645715036,0.00041655970842897693
hidden_rings,aea,paper_lalas_upper_a_ratio,0.05268749965812202,0.0009197585746415179
hidden_rings,aea,paper_lalas_a_ratio,0.010171894990779553,0.00034451121187496786
hidden_rings,aea,paper_lalas_longest_upper_a,0.02700016668322782,0.0007419195998302233
hidden_rings,aea,paper_lalas_longest_lower_a,0.02410212911360781,0.0006983006809738997
hidden_rings,aea,paper_lalas_longest_a_case_insensitive,0.02411268159528301,0.0007900222419962187
hidden_rings,energy,pas_total_rings,0.0010008137185567147,5.127382986092524e-05
hidden_rings,energy,pas_total_annulations,0.0002943001483351542,2.9340828585718782e-05
hidden_rings,energy,pas_total_l,0.0005099077565828575,2.862537252718538e-05
hidden_rings,energy,pas_total_a,0.0009044900190315647,6.997928632969174e-05
hidden_rings,energy,pas_l_fraction,0.0007445749419510963,3.445783057969301e-05
hidden_rings,energy,pas_a_fraction,0.0008323628701156207,2.8124821161901948e-05
hidden_rings,energy,pas_l_to_a_ratio,0.0007419988422557266,3.544099397935847e-05
hidden_rings,energy,pas_la_count,0.00032501472072340656,1.3075700439352443e-05
hidden_rings,energy,pas_al_count,0.0003993926133277377,1.718238157854198e-05
hidden_rings,energy,pas_alternation_count,0.0007138772912327091,2.381653930786025e-05
hidden_rings,energy,pas_alternation_fraction,0.002689771920392965,6.977424006730932e-05
hidden_rings,energy,pas_branch_count,0.00013676893430965173,6.926377359713191e-06
hidden_rings,energy,pas_branch_density,0.0015979865150745679,5.950819977465909e-05
hidden_rings,energy,pas_max_branch_depth,8.803813415508042e-05,6.665105570631771e-06
hidden_rings,energy,pas_parenthesis_count,0.00013765136093227,7.730737121310388e-06
hidden_rings,energy,pas_topology_length,0.000623028027695442,0.0002329545641170099
hidden_rings,energy,pas_donor_ring_count,0.0,0.0
hidden_rings,energy,pas_acceptor_ring_count,0.0,0.0
hidden_rings,energy,pas_donor_acceptor_balance,0.0,0.0
hidden_rings,energy,pas_donor_acceptor_ratio,0.0,0.0
hidden_rings,energy,pas_donor_fraction,0.0,0.0
hidden_rings,energy,pas_acceptor_fraction,0.0,0.0
hidden_rings,energy,pas_terminal_non_benzene_count,0.0,0.0
hidden_rings,energy,pas_middle_non_benzene_count,0.0,0.0
hidden_rings,energy,pas_branch_non_benzene_count,0.0,0.0
hidden_rings,energy,pas_terminal_heterocycle_count,0.0,0.0
hidden_rings,energy,pas_middle_heterocycle_count,0.0,0.0
hidden_rings,energy,pas_branch_heterocycle_count,0.0,0.0
hidden_rings,energy,pas_terminal_donor_count,0.0,0.0
hidden_rings,energy,pas_middle_donor_count,0.0,0.0
hidden_rings,energy,pas_branch_donor_count,0.0,0.0
hidden_rings,energy,pas_terminal_acceptor_count,0.0,0.0
hidden_rings,energy,pas_middle_acceptor_count,0.0,0.0
hidden_rings,energy,pas_branch_acceptor_count,0.0,0.0
hidden_rings,energy,heterocycle_fraction,0.0,0.0
hidden_rings,energy,heteroatom_density,0.0,0.0
hidden_rings,energy,aromatic_ring_fraction,0.0,0.0
hidden_rings,energy,rings,0.6726999926767624,0.0930795736472752
hidden_rings,energy,aromatic_rings,0.0010033889256652261,4.637999674462433e-05
hidden_rings,energy,atoms,0.27403194565338285,0.09281909380326622
hidden_rings,energy,heteroatoms,0.0,0.0
hidden_rings,energy,heterocycles,0.0,0.0
hidden_rings,energy,branch,0.0009424902252511291,3.9311363907771826e-05
hidden_rings,energy,h,0.014852884178438408,0.0004105482118259642
hidden_rings,energy,c,0.009883285960669942,0.00029965934881875125
hidden_rings,energy,b,0.0,0.0
hidden_rings,energy,s,0.0,0.0
hidden_rings,energy,o,0.0,0.0
hidden_rings,energy,n,0.0,0.0
hidden_rings,energy,pas_benzene_count,0.000990665880857262,4.634685512649921e-05
hidden_rings,energy,pas_benzene_fraction,0.0,0.0
hidden_rings,energy,pas_benzene_terminal_count,0.0,0.0
hidden_rings,energy,pas_benzene_middle_count,0.0009872490427201561,5.2342219476106825e-05
hidden_rings,energy,pas_benzene_branch_count,0.0013182519066603088,6.449760133644393e-05
hidden_rings,energy,pas_pyridine_count,0.0,0.0
hidden_rings,energy,pas_pyridine_fraction,0.0,0.0
hidden_rings,energy,pas_pyridine_terminal_count,0.0,0.0
hidden_rings,energy,pas_pyridine_middle_count,0.0,0.0
hidden_rings,energy,pas_pyridine_branch_count,0.0,0.0
hidden_rings,energy,pas_pyrazine_count,0.0,0.0
hidden_rings,energy,pas_pyrazine_fraction,0.0,0.0
hidden_rings,energy,pas_pyrazine_terminal_count,0.0,0.0
hidden_rings,energy,pas_pyrazine_middle_count,0.0,0.0
hidden_rings,energy,pas_pyrazine_branch_count,0.0,0.0
hidden_rings,energy,pas_thiophene_count,0.0,0.0
hidden_rings,energy,pas_thiophene_fraction,0.0,0.0
hidden_rings,energy,pas_thiophene_terminal_count,0.0,0.0
hidden_rings,energy,pas_thiophene_middle_count,0.0,0.0
hidden_rings,energy,pas_thiophene_branch_count,0.0,0.0
hidden_rings,energy,pas_furan_count,0.0,0.0
hidden_rings,energy,pas_furan_fraction,0.0,0.0
hidden_rings,energy,pas_furan_terminal_count,0.0,0.0
hidden_rings,energy,pas_furan_middle_count,0.0,0.0
hidden_rings,energy,pas_furan_branch_count,0.0,0.0
hidden_rings,energy,pas_borole_count,0.0,0.0
hidden_rings,energy,pas_borole_fraction,0.0,0.0
hidden_rings,energy,pas_borole_terminal_count,0.0,0.0
hidden_rings,energy,pas_borole_middle_count,0.0,0.0
hidden_rings,energy,pas_borole_branch_count,0.0,0.0
hidden_rings,energy,pas_cyclobutadiene_count,0.0,0.0
hidden_rings,energy,pas_cyclobutadiene_fraction,0.0,0.0
hidden_rings,energy,pas_cyclobutadiene_terminal_count,0.0,0.0
hidden_rings,energy,pas_cyclobutadiene_middle_count,0.0,0.0
hidden_rings,energy,pas_cyclobutadiene_branch_count,0.0,0.0
hidden_rings,energy,pas_pyrrole_count,0.0,0.0
hidden_rings,energy,pas_pyrrole_fraction,0.0,0.0
hidden_rings,energy,pas_pyrrole_terminal_count,0.0,0.0
hidden_rings,energy,pas_pyrrole_middle_count,0.0,0.0
hidden_rings,energy,pas_pyrrole_branch_count,0.0,0.0
hidden_rings,energy,pas_dhdiborinine_count,0.0,0.0
hidden_rings,energy,pas_dhdiborinine_fraction,0.0,0.0
hidden_rings,energy,pas_dhdiborinine_terminal_count,0.0,0.0
hidden_rings,energy,pas_dhdiborinine_middle_count,0.0,0.0
hidden_rings,energy,pas_dhdiborinine_branch_count,0.0,0.0
hidden_rings,energy,pas_14diborinine_count,0.0,0.0
hidden_rings,energy,pas_14diborinine_fraction,0.0,0.0
hidden_rings,energy,pas_14diborinine_terminal_count,0.0,0.0
hidden_rings,energy,pas_14diborinine_middle_count,0.0,0.0
hidden_rings,energy,pas_14diborinine_branch_count,0.0,0.0
hidden_rings,energy,pas_borinine_count,0.0,0.0
hidden_rings,energy,pas_borinine_fraction,0.0,0.0
hidden_rings,energy,pas_borinine_terminal_count,0.0,0.0
hidden_rings,energy,pas_borinine_middle_count,0.0,0.0
hidden_rings,energy,pas_borinine_branch_count,0.0,0.0
hidden_rings,energy,paper_lalas_lal_subsequence_count,0.0008122341601560242,3.150545337092144e-05
hidden_rings,energy,paper_lalas_l_ratio,0.0007374606131563524,2.8291570101346384e-05
hidden_rings,energy,paper_lalas_longest_l_degeneracy,0.0009396007864021313,3.4142500734891694e-05
hidden_rings,energy,paper_lalas_upper_a_ratio,0.003400792218981797,8.728234713499903e-05
hidden_rings,energy,paper_lalas_a_ratio,0.0008177867260213144,3.659851268630416e-05
hidden_rings,energy,paper_lalas_longest_upper_a,0.0013663701270844352,5.036839259274886e-05
hidden_rings,energy,paper_lalas_longest_lower_a,0.001699956786913429,5.826008497239694e-05
hidden_rings,energy,paper_lalas_longest_a_case_insensitive,0.0017756663162044098,3.5778641930496256e-05
paper_lalas,homo,paper_lalas_number_of_rings,0.1992896300480638,0.005734144456541442
paper_lalas,homo,paper_lalas_number_of_branching_points,0.11541139130828236,0.003426459538586426
paper_lalas,homo,paper_lalas_lal_subsequence_count,0.05370035404244653,0.001394527202311367
paper_lalas,homo,paper_lalas_l_ratio,0.13819282497059251,0.002184362096518762
paper_lalas,homo,paper_lalas_longest_l,0.07691969246456867,0.0013017943337740073
paper_lalas,homo,paper_lalas_longest_l_degeneracy,0.03835275455344112,0.001044436267014362
paper_lalas,homo,paper_lalas_upper_a_ratio,0.12777640481244185,0.002361814864210086
paper_lalas,homo,paper_lalas_lower_to_upper_a_ratio,0.06916670873002659,0.001961133629264427
paper_lalas,homo,paper_lalas_longest_upper_a,0.07394488970495533,0.001856927798017698
paper_lalas,homo,paper_lalas_longest_a_case_insensitive,0.10724534936518128,0.0023540380364884556
paper_lalas,lumo,paper_lalas_number_of_rings,0.294572390079656,0.0055462066108811865
paper_lalas,lumo,paper_lalas_number_of_branching_points,0.09896430316527104,0.0030303703348077728
paper_lalas,lumo,paper_lalas_lal_subsequence_count,0.043896691325481976,0.0011741750761091012
paper_lalas,lumo,paper_lalas_l_ratio,0.11219876576276619,0.0017940547530199131
paper_lalas,lumo,paper_lalas_longest_l,0.05988572324892798,0.0009435633153100084
paper_lalas,lumo,paper_lalas_longest_l_degeneracy,0.03530590352347533,0.0008158476070631557
paper_lalas,lumo,paper_lalas_upper_a_ratio,0.11529526423531183,0.002015836382699876
paper_lalas,lumo,paper_lalas_lower_to_upper_a_ratio,0.0668989502139693,0.001379756844661407
paper_lalas,lumo,paper_lalas_longest_upper_a,0.07053957547776181,0.0018968933006420182
paper_lalas,lumo,paper_lalas_longest_a_case_insensitive,0.10244243296737857,0.001884356280499647
paper_lalas,gap,paper_lalas_number_of_rings,0.4204371892236416,0.0055528750670150355
paper_lalas,gap,paper_lalas_number_of_branching_points,0.07779273485062672,0.0018355716583487304
paper_lalas,gap,paper_lalas_lal_subsequence_count,0.0367996543499908,0.0011760984818985614
paper_lalas,gap,paper_lalas_l_ratio,0.10959825150946953,0.003963609149227141
paper_lalas,gap,paper_lalas_longest_l,0.0487921050334799,0.0019156103980154475
paper_lalas,gap,paper_lalas_longest_l_degeneracy,0.025699985453778256,0.0008130950610991454
paper_lalas,gap,paper_lalas_upper_a_ratio,0.08857348237615112,0.0022593169094468095
paper_lalas,gap,paper_lalas_lower_to_upper_a_ratio,0.05542941965712989,0.0022694219058799784
paper_lalas,gap,paper_lalas_longest_upper_a,0.055750655644613706,0.0014962400277011418
paper_lalas,gap,paper_lalas_longest_a_case_insensitive,0.08112652190111856,0.0019504965923765392
paper_lalas,aip,paper_lalas_number_of_rings,0.38083638557709465,0.004530032752491089
paper_lalas,aip,paper_lalas_number_of_branching_points,0.09032669615589768,0.0016707948581663626
paper_lalas,aip,paper_lalas_lal_subsequence_count,0.039069776474563084,0.0010241568850435044
paper_lalas,aip,paper_lalas_l_ratio,0.10647940774757521,0.002109367894824129
paper_lalas,aip,paper_lalas_longest_l,0.06432118270310554,0.0013295681683060628
paper_lalas,aip,paper_lalas_longest_l_degeneracy,0.02747243434246994,0.0010900704261434242
paper_lalas,aip,paper_lalas_upper_a_ratio,0.10062495971996668,0.002057175411278916
paper_lalas,aip,paper_lalas_lower_to_upper_a_ratio,0.0520658412366209,0.0014498464255488623
paper_lalas,aip,paper_lalas_longest_upper_a,0.055626243040679924,0.001099425722072473
paper_lalas,aip,paper_lalas_longest_a_case_insensitive,0.08317707300202638,0.0014822776817484103
paper_lalas,aea,paper_lalas_number_of_rings,0.5031741183515787,0.006180251642917951
paper_lalas,aea,paper_lalas_number_of_branching_points,0.07023733209169727,0.0018823003250631107
paper_lalas,aea,paper_lalas_lal_subsequence_count,0.029045178573048405,0.0009016071035786723
paper_lalas,aea,paper_lalas_l_ratio,0.0811019183201182,0.0015494930679570825
paper_lalas,aea,paper_lalas_longest_l,0.0465768015275653,0.0015001182015369153
paper_lalas,aea,paper_lalas_longest_l_degeneracy,0.023682466919979196,0.0008881762704656788
paper_lalas,aea,paper_lalas_upper_a_ratio,0.08104451371769887,0.0015094420320767164
paper_lalas,aea,paper_lalas_lower_to_upper_a_ratio,0.046202970013982506,0.0012301441993314937
paper_lalas,aea,paper_lalas_longest_upper_a,0.04979817914672419,0.0016968201982985702
paper_lalas,aea,paper_lalas_longest_a_case_insensitive,0.06913652133760739,0.0016409671048736346
paper_lalas,energy,paper_lalas_number_of_rings,0.6863412394197951,0.0034482421151552285
paper_lalas,energy,paper_lalas_number_of_branching_points,0.05294271071439662,0.0013922568726969721
paper_lalas,energy,paper_lalas_lal_subsequence_count,0.00998489397099548,0.00035736381120915576
paper_lalas,energy,paper_lalas_l_ratio,0.09571445783911191,0.0037846208929831716
paper_lalas,energy,paper_lalas_longest_l,0.018456312956014666,0.0006170804787857541
paper_lalas,energy,paper_lalas_longest_l_degeneracy,0.011616353005571334,0.0006123955465353689
paper_lalas,energy,paper_lalas_upper_a_ratio,0.0688999004215019,0.0032404540259176346
paper_lalas,energy,paper_lalas_lower_to_upper_a_ratio,0.013283992094795359,0.0009973950781625505
paper_lalas,energy,paper_lalas_longest_upper_a,0.009388748011729458,0.00031249956551432324
paper_lalas,energy,paper_lalas_longest_a_case_insensitive,0.033371391566088156,0.0017191835589733453
